dms_id,stat,n_finite,n_distinct,frac_tied,ref_mean,T_mean,T_median,T_min,T_max,T_sd,ks_p_rand,ks_D_rand,ks_p_mid,ks_p_cons,within_tol,grid_guard_pass,live,note
5A12_VEGF_fitness_4ZFF,rate_sigma_tau2,200,190,0.000553,0.18099577426390404,1.0000439354145378,0.9889357242181868,0.8007871673820822,1.2254737653054135,0.09374489836291194,1.0,0.007896099980583715,1.0,0.9999999998322193,True,True,True,
5A12_VEGF_fitness_4ZFF,rate_sigma_tau3,200,176,0.001357,0.09978666848418756,1.0000862814457014,0.9807329321535411,0.694715245617362,1.3745437956204383,0.13137781304325508,0.9999999999999999,0.011774331399536209,1.0,0.9999999998322193,True,True,True,
5A12_VEGF_fitness_4ZFF,rate_sigma_tau4,200,184,0.000854,0.05949086695747001,1.000183341412885,0.9947995486623651,0.590719319748736,1.5578648377151965,0.1915132832222512,1.0,0.007841297055828034,1.0,0.9999999998322193,True,True,True,
5A12_VEGF_fitness_4ZFF,rate_sigma_tau5,200,186,0.000754,0.03599259360232642,1.0004468403925662,0.9928634688179098,0.39520336978451853,1.8842607637362287,0.2990210624681906,1.0,0.009366406145958905,1.0,0.9999999998322193,True,True,True,
5A12_VEGF_fitness_4ZFF,rate_sigma_tau6,200,174,0.001357,0.021857960741548527,1.0009761691399524,0.9059243853996611,0.24644347545555775,2.3947152504575766,0.44219296221667115,0.9999999999999889,0.012616693411159452,1.0,0.9999999998322193,True,True,True,
5A12_VEGF_fitness_4ZFF,rate_sigma_tau8,200,150,0.002965,0.008913349691021446,1.002494671496672,0.761203609650742,0.1319662305200602,3.7413591627931138,0.7082060943068105,1.0,0.010476548060059931,0.999999999999994,0.9999948480179858,True,True,True,
5A12_VEGF_fitness_4ZFF,rate_mad_tau2,200,180,0.001005,0.18222260087241005,1.000020562519431,0.9961519958632985,0.8554150941978719,1.2061226307293045,0.06413311640010057,1.0,0.007129658498540692,1.0,1.0,True,True,True,
5A12_VEGF_fitness_4ZFF,rate_mad_tau3,200,171,0.001608,0.06866503089785532,1.0000751049359926,0.9955575127861209,0.6983986267302833,1.3823542150450938,0.12257543245150511,1.0,0.008591643316573028,1.0,0.9999999998322193,True,True,True,
5A12_VEGF_fitness_4ZFF,rate_mad_tau4,200,156,0.002563,0.029490412577244638,1.000130058571996,0.9829290763120613,0.5904451364152649,1.535629721064195,0.1613039787094925,1.0,0.009547094762138664,1.0,0.9999999998322193,True,True,True,
5A12_VEGF_fitness_4ZFF,rate_mad_tau5,200,145,0.003618,0.009833924027626319,1.0007856251501617,0.9307161776832331,0.33156688959340935,2.391480208552524,0.39672441053418284,1.0,0.009043596646429841,0.9999999998322193,0.9993642592607782,True,True,True,
5A12_VEGF_fitness_4ZFF,rate_mad_tau6,200,38,0.045678,0.0004741457651762995,1.005754073687381,0.6697115384615386,0.0,7.008432539682541,1.0804084497238327,0.9999868659638126,0.02073878929366424,0.8475639609122785,0.1463961356372495,True,True,True,
5A12_VEGF_fitness_4ZFF,rate_mad_tau8,200,2,0.980101,4.543802253725918e-07,1.99,0.0,0.0,199.0,19.800249998421734,0.8049750999887815,0.0445646449541347,2.8858899969920655e-46,0.0,False,True,False,98% of the ensemble ties the held-out value -- the statistic is not resolvable at B=200
5A12_VEGF_fitness_4ZFF,TR1,200,200,0.0,7.874540015467777,1.0001689272875256,0.9666455799163072,0.6666289590842716,1.6877084453585796,0.18388763680437697,1.0,0.004980737413379566,1.0,1.0,True,True,True,
5A12_VEGF_fitness_4ZFF,TR2,200,200,0.0,4.8406094057869415,1.0001262596967142,0.9699733396614507,0.7049628319283676,1.514073395968855,0.15896316237098512,1.0,0.004985336249801076,1.0,1.0,True,True,True,
5A12_VEGF_fitness_4ZFF,TR1_mad,200,200,0.0,3.6059947747629155,1.000003254807547,0.9992600360198014,0.9215995508976277,1.0734296547201048,0.025514110469984863,1.0,0.00499793970832807,1.0,1.0,True,True,True,
5A12_VEGF_fitness_4ZFF,TR2_mad,200,200,0.0,3.1239836379173993,1.000003126014808,1.0003490036034146,0.9226696814098463,1.0759763848682642,0.025003752496331664,1.0,0.004988710611879554,1.0,1.0,True,True,True,
CD19_FMC63_Fitness_7URV,rate_sigma_tau2,200,115,0.006633,0.1913666319805758,1.0000320178569688,1.0005282812642315,0.7967097960000729,1.2303217099503938,0.08002306711957129,1.0,0.011080390429311998,0.9999999998322193,0.9993642592607782,True,True,True,
CD19_FMC63_Fitness_7URV,rate_sigma_tau3,200,92,0.009045,0.0771037114117239,1.0000814452544964,0.9941677781043018,0.6646806589934552,1.3565006680707477,0.1276337092770136,0.9999999999889001,0.0141984189083596,0.9999999998322193,0.9993642592607782,True,True,True,
CD19_FMC63_Fitness_7URV,rate_sigma_tau4,200,65,0.017035,0.03658168574401665,1.0001209479715043,0.9860403068273859,0.6436147443519619,1.4731588499379118,0.15553741877102956,0.9999979830985934,0.01933308681193452,0.9796684154603761,0.4501584413802199,True,True,True,
CD19_FMC63_Fitness_7URV,rate_sigma_tau5,200,49,0.024372,0.022743669788414845,1.000138560688175,0.991263698367691,0.5630496291198288,1.6216174661746618,0.16648576177621136,0.9999998033888555,0.017926533703083503,0.9972054211849518,0.6802625495871708,True,True,True,
CD19_FMC63_Fitness_7URV,rate_sigma_tau6,200,43,0.030352,0.01723031564342699,1.000165068439159,0.9964599724671062,0.5020181634712411,1.615423642820903,0.18172252717533635,0.9999998803921635,0.01766367964241955,0.9796684154603761,0.45015844138021754,True,True,True,
CD19_FMC63_Fitness_7URV,rate_sigma_tau8,200,37,0.039447,0.012140131807145335,1.0002317868763464,0.9712891185759402,0.427344309234073,1.778322283078697,0.21534877742773997,0.9998104253701442,0.023399983885063147,0.8932878117043651,0.20024713912985104,True,True,True,
CD19_FMC63_Fitness_7URV,rate_mad_tau2,200,82,0.011457,0.07231876517516475,1.0000590383760075,0.9976139403726111,0.7280429393217319,1.2775806724108802,0.10866653823675224,1.0,0.011352928558213793,0.9999948480179858,0.9598955556334829,True,True,True,
CD19_FMC63_Fitness_7URV,rate_mad_tau3,200,43,0.029447,0.011925078043704476,1.0003682715597666,0.9888921368021046,0.40600408044301955,1.8106838861168182,0.2714791972177362,0.9999995965212001,0.01832807534659353,0.9914365247149419,0.5616777704322733,True,True,True,
CD19_FMC63_Fitness_7URV,rate_mad_tau4,200,16,0.106281,0.0017030870620881027,1.001666404688524,1.0184237461617194,0.0,3.5056994818652845,0.5781384551436849,0.9965425104882485,0.027926087504441588,0.0880644283859453,1.599068548418649e-05,True,True,True,
CD19_FMC63_Fitness_7URV,rate_mad_tau5,200,6,0.329045,0.0003191120360735345,1.0080273732389817,1.0874316939890711,0.0,5.5586592178770955,1.272671823302266,0.6275966383810581,0.05220725640564894,4.673514470719339e-11,7.608295134570582e-44,True,True,True,
CD19_FMC63_Fitness_7URV,rate_mad_tau6,200,4,0.698141,8.151231356226153e-05,1.03227426438296,0.0,0.0,13.56818181818182,2.5898520766082402,0.424011902855879,0.06125705474732823,1.0659985895007548e-31,1.077658121858473e-150,True,True,False,70% of the ensemble ties the held-out value -- the statistic is not resolvable at B=200
CD19_FMC63_Fitness_7URV,rate_mad_tau8,200,3,0.950804,1.040582726326743e-05,1.2934999999999997,0.0,0.0,99.49999999999999,8.916776757887348,0.10031523441763457,0.08564090843399608,8.364875039956834e-45,7.747e-321,False,True,False,95% of the ensemble ties the held-out value -- the statistic is not resolvable at B=200
CD19_FMC63_Fitness_7URV,TR1,200,200,0.0,23.747158041521324,1.0006811966986773,0.916944119394228,0.378224634585242,3.3246696953271018,0.36983346636144426,1.0,0.0049761693244103344,1.0,1.0,True,True,True,
CD19_FMC63_Fitness_7URV,TR2,200,200,0.0,5.675217286650769,1.0003119347733938,0.9572589247341001,0.5897899306367035,2.4278967273063263,0.25006351156525314,1.0,0.00495424317509674,1.0,1.0,True,True,True,
CD19_FMC63_Fitness_7URV,TR1_mad,200,200,0.0,3.5231292640729466,1.0000414474023143,0.98840127234222,0.8226748896997166,1.3494750489149054,0.09106789749878832,1.0,0.004999455383775664,1.0,1.0,True,True,True,
CD19_FMC63_Fitness_7URV,TR2_mad,200,200,0.0,2.5747128277254125,1.0000103501277005,0.9964852664383494,0.8875994869923427,1.1251974257600288,0.04549948264275295,1.0,0.0049369567180665985,1.0,1.0,True,True,True,
CR6261_FluAH1_logKd_3GBN,rate_sigma_tau2,200,200,0.0,0.07829700883685323,1.0001263726803145,0.9785858119889423,0.6363302602201744,1.4400375002709451,0.1589958688030054,1.0,0.004999183028967513,1.0,1.0,True,True,True,
CR6261_FluAH1_logKd_3GBN,rate_sigma_tau3,200,198,0.000101,0.017247788832271623,1.0004904114238082,0.9710012420866078,0.3570054810021664,1.9654625715752811,0.3132900798237525,1.0,0.004999095722289959,1.0,1.0,True,True,True,
CR6261_FluAH1_logKd_3GBN,rate_sigma_tau4,200,196,0.000201,0.004276252226826721,1.0013438255377862,0.9248161099129566,0.11515520050220167,3.1547025791129344,0.5189393654619532,1.0,0.009309458033266882,1.0,1.0,True,True,True,
CR6261_FluAH1_logKd_3GBN,rate_sigma_tau5,200,181,0.002362,0.0011793780460698595,1.0036543667694764,0.7326367842826005,0.0,5.133536908759823,0.8573990210338435,0.9999999999921112,0.014106257921381982,0.9993642592607782,0.7955464488103132,True,True,True,
CR6261_FluAH1_logKd_3GBN,rate_sigma_tau6,200,121,0.093015,0.0003434623686158085,1.0092307603375528,0.35987456328944023,0.0,8.979815202391704,1.3703481031855687,0.9985025380213414,0.026357082708163282,0.00011598376100068608,5.2149502924253503e-17,True,True,True,
CR6261_FluAH1_logKd_3GBN,rate_sigma_tau8,200,30,0.696784,3.64355211229555e-05,1.0479575396213443,0.0,0.0,26.78281138983539,3.2154546842804184,0.2939310441381978,0.06835459138419708,1.7227333191098788e-32,4.531429286488549e-156,True,True,False,70% of the ensemble ties the held-out value -- the statistic is not resolvable at B=200
CR6261_FluAH1_logKd_3GBN,rate_mad_tau2,200,199,5e-05,0.07588191540826228,1.000068160750871,0.9949060476249243,0.6815360232799131,1.364474282758519,0.1167585319591883,1.0,0.004991478591307885,1.0,1.0,True,True,True,
CR6261_FluAH1_logKd_3GBN,rate_mad_tau3,200,196,0.000201,0.011656754442386645,1.0004416627925972,0.9910045956670288,0.37080091840123935,2.136138835884639,0.2973333276014349,1.0,0.00566673518218086,1.0,1.0,True,True,True,
CR6261_FluAH1_logKd_3GBN,rate_mad_tau4,200,188,0.000653,0.0012040041764260808,1.001429105836408,0.9248404898376557,0.0,3.431690784753874,0.5351253443100701,1.0,0.0079481655362032,1.0,0.9999999998322193,True,True,True,
CR6261_FluAH1_logKd_3GBN,rate_mad_tau5,200,67,0.325176,8.956985849852224e-05,1.010704131052178,0.0,0.0,8.601280062845717,1.4731740702457552,0.7354981796310285,0.0476571016731967,3.957911596231972e-15,5.682167586812634e-62,True,True,True,
CR6261_FluAH1_logKd_3GBN,rate_mad_tau6,200,6,0.950503,3.7112718581291494e-06,1.2934834243565325,0.0,0.0,99.49044045547707,8.916393620267185,0.43099307614900306,0.06091730660569036,8.364875039956834e-45,7.747e-321,False,True,False,95% of the ensemble ties the held-out value -- the statistic is not resolvable at B=200
CR6261_FluAH1_logKd_3GBN,rate_mad_tau8,200,1,1.0,0.0,,,,,,0.6141231085051724,0.05277328594463426,2.9468237640334056e-47,0.0,False,True,False,reference rate is 0 in >= 1 leave-one-out set (tau beyond the ensemble support)
CR6261_FluAH1_logKd_3GBN,TR1,200,200,0.0,4.065371407872216,1.000079643018455,0.9877987350949013,0.7509854498644585,1.5555242495957244,0.1262448148396544,1.0,0.004943376159711688,1.0,1.0,True,True,True,
CR6261_FluAH1_logKd_3GBN,TR2,200,200,0.0,2.725631893442216,1.0000177383789859,0.9912068729623051,0.8595963518012046,1.2006931836299453,0.0595660710314937,1.0,0.004976823252257567,1.0,1.0,True,True,True,
CR6261_FluAH1_logKd_3GBN,TR1_mad,200,200,0.0,3.337765458674087,1.000015641650583,0.9981805371420749,0.8643572154532684,1.1471574993706635,0.055931422692148805,1.0,0.00497010163296871,1.0,1.0,True,True,True,
CR6261_FluAH1_logKd_3GBN,TR2_mad,200,200,0.0,2.5340732749776107,1.0000071813021156,1.0011233713648209,0.8980569444703452,1.1232947160274651,0.03789836212682767,1.0,0.004971663637992507,1.0,1.0,True,True,True,
CR9114_FluAH1_logKd_4FQI,rate_sigma_tau2,200,200,0.0,0.136951638188905,1.0000043410229784,0.9979088691595741,0.936131599715264,1.0945366110084467,0.02946630221003634,1.0,0.004990160364617635,1.0,1.0,True,True,True,
CR9114_FluAH1_logKd_4FQI,rate_sigma_tau3,200,200,0.0,0.06074177321435705,1.0000079947746965,1.0014567224163269,0.8903359708802486,1.0969392994433294,0.039986386128590894,1.0,0.004983745301349718,1.0,1.0,True,True,True,
CR9114_FluAH1_logKd_4FQI,rate_sigma_tau4,200,199,5e-05,0.03362420029239488,1.0000228366702064,0.9996311632174479,0.7922001687833172,1.1653201263513315,0.06757913083486104,1.0,0.006609123856787968,1.0,1.0,True,True,True,
CR9114_FluAH1_logKd_4FQI,rate_sigma_tau5,200,200,0.0,0.018721759756741566,1.0000820176743113,1.0118067964320387,0.6072723679937206,1.3156921965933221,0.1280562903162997,1.0,0.004989123000088136,1.0,1.0,True,True,True,
CR9114_FluAH1_logKd_4FQI,rate_sigma_tau6,200,200,0.0,0.010652004329457801,1.0002716232290694,0.997122590790064,0.4747274009086522,1.496092263928055,0.23306131765119503,1.0,0.00498571775917836,1.0,1.0,True,True,True,
CR9114_FluAH1_logKd_4FQI,rate_sigma_tau8,200,200,0.0,0.002882980419442287,1.0012741383513517,0.8456214076952753,0.31942818274529383,2.889463029532045,0.5056021074019676,1.0,0.004952839364321067,1.0,1.0,True,True,True,
CR9114_FluAH1_logKd_4FQI,rate_mad_tau2,200,200,0.0,0.13266843060700062,1.0000034321680928,0.9991463580210983,0.9434383082196506,1.0920400064753992,0.02620088324158157,1.0,0.004989005306031413,1.0,1.0,True,True,True,
CR9114_FluAH1_logKd_4FQI,rate_mad_tau3,200,200,0.0,0.04082309572889772,1.0000055019065093,0.9986400643355493,0.9131060293689203,1.0733514288052215,0.03317179237027176,1.0,0.004985007010774867,1.0,1.0,True,True,True,
CR9114_FluAH1_logKd_4FQI,rate_mad_tau4,200,200,0.0,0.006973298033072332,1.0000393546461388,0.9920925785368693,0.7916682250880457,1.357092386461853,0.08873216614715557,1.0,0.004924356505650984,1.0,1.0,True,True,True,
CR9114_FluAH1_logKd_4FQI,rate_mad_tau5,200,200,0.0,0.0023378565802742272,1.0000375286295884,0.995517282742914,0.7758544144628802,1.213947504069664,0.08663730151159992,1.0,0.004989037602687929,1.0,1.0,True,True,True,
CR9114_FluAH1_logKd_4FQI,rate_mad_tau6,200,200,0.0,0.0004045910717742264,1.00035382067825,0.994244668279564,0.38947546718150733,1.779902502931609,0.26603143847646793,1.0,0.0049903858458559824,1.0,1.0,True,True,True,
CR9114_FluAH1_logKd_4FQI,rate_mad_tau8,200,45,0.607538,5.167534504373678e-07,1.0205859779176116,0.0,0.0,8.124668167207956,2.0489098870730404,0.788985976398351,0.045299331441216895,2.8279193844912667e-28,2.960067444030743e-129,True,True,False,61% of the ensemble ties the held-out value -- the statistic is not resolvable at B=200
CR9114_FluAH1_logKd_4FQI,TR1,200,200,0.0,6.61781722483642,1.0000301317699947,0.9928077653101832,0.8354898633092198,1.2633180643856792,0.07763870509405962,1.0,0.004973578049458416,1.0,1.0,True,True,True,
CR9114_FluAH1_logKd_4FQI,TR2,200,200,0.0,4.338348976309894,1.00002164487238,0.9951350550052211,0.8385498754840368,1.2125050798618373,0.06579609647285269,1.0,0.004985367146351866,1.0,1.0,True,True,True,
CR9114_FluAH1_logKd_4FQI,TR1_mad,200,200,0.0,3.7412808828141397,1.0000008909013247,1.0003095028318674,0.9683196641238684,1.0290467387747328,0.013348337394063721,1.0,0.0049743589935323795,1.0,1.0,True,True,True,
CR9114_FluAH1_logKd_4FQI,TR2_mad,200,200,0.0,2.567865283148385,1.0000002113979805,0.9995485684752965,0.9814950321337754,1.0190566967132926,0.00650230149797714,1.0,0.004982072328967496,1.0,1.0,True,True,True,
CR9114_FluAH3_logKd_4FQY,rate_sigma_tau2,200,200,0.0,0.06804678899860424,1.0000474607969811,0.9912312643130334,0.7602198636582838,1.2649951911428996,0.09743198584503844,1.0,0.004999936893668011,1.0,1.0,True,True,True,
CR9114_FluAH3_logKd_4FQY,rate_sigma_tau3,200,200,0.0,0.018850806686563734,1.0002442016399,0.9663582237627848,0.44271021377549213,1.6172990490549193,0.22104218501536155,1.0,0.004998629767777429,1.0,1.0,True,True,True,
CR9114_FluAH3_logKd_4FQY,rate_sigma_tau4,200,199,5e-05,0.0067815779867666315,1.000535399245084,0.9661755354247787,0.2807138132844895,2.087439137265696,0.3273513870043695,1.0,0.008427115692344,1.0,1.0,True,True,True,
CR9114_FluAH3_logKd_4FQY,rate_sigma_tau5,200,199,5e-05,0.0022869671956059654,1.0014417871693704,0.9202843494678024,0.08198624486582787,2.8392361088139237,0.5375548958832768,1.0,0.00497974510357041,1.0,1.0,True,True,True,
CR9114_FluAH3_logKd_4FQY,rate_sigma_tau6,200,195,0.000302,0.0006247899708579552,1.0035951679735877,0.838099722013629,0.0,5.4620839197792685,0.850765202263781,1.0,0.008211725734770109,1.0,0.9999999998322193,True,True,True,
CR9114_FluAH3_logKd_4FQY,rate_sigma_tau8,200,76,0.371055,3.1296325381824965e-05,1.0276276347768358,0.0,0.0,16.56920781004402,2.4047043631529523,0.7657237050063158,0.04634055664744685,2.7465432242501156e-17,5.611067108047901e-72,True,True,True,
CR9114_FluAH3_logKd_4FQY,rate_mad_tau2,200,200,0.0,0.16495174234609075,1.0000169904202467,1.0033739737504148,0.8486683348447769,1.1634577816718543,0.05829222039460539,1.0,0.0049988390380834025,1.0,1.0,True,True,True,
CR9114_FluAH3_logKd_4FQY,rate_mad_tau3,200,200,0.0,0.07453755515496513,1.0000838333317323,1.0236882938482519,0.6424638152341605,1.2755196623051537,0.12946916090555202,1.0,0.004999717783441104,1.0,1.0,True,True,True,
CR9114_FluAH3_logKd_4FQY,rate_mad_tau4,200,200,0.0,0.02172804597240038,1.0004566765851488,1.001429689719465,0.43000227863694834,2.114640878461114,0.30239392770230994,1.0,0.004992650703485868,1.0,1.0,True,True,True,
CR9114_FluAH3_logKd_4FQY,rate_mad_tau5,200,199,5e-05,0.0036140804024576935,1.0011338550163082,0.9036582259800864,0.2445154023641691,2.950070432402893,0.47699146052183633,1.0,0.004993788826236689,1.0,1.0,True,True,True,
CR9114_FluAH3_logKd_4FQY,rate_mad_tau6,200,198,0.000101,0.00037851423639800153,1.0029327148502127,0.848161938369644,0.07064725785727881,4.724949996010373,0.7687213485018517,1.0,0.0059293318105271275,1.0,1.0,True,True,True,
CR9114_FluAH3_logKd_4FQY,rate_mad_tau8,200,7,0.940754,8.058560388300383e-07,1.1940026168836602,0.0,0.0,39.978472497933986,6.78943229136519,0.6374071364942402,0.051795910857858646,2.5319735426093574e-44,5.31227977752445e-305,False,True,False,94% of the ensemble ties the held-out value -- the statistic is not resolvable at B=200
CR9114_FluAH3_logKd_4FQY,TR1,200,200,0.0,4.916941351363337,1.000041322901791,0.9995229162361052,0.7889208548314873,1.272167218520124,0.09091553598007025,1.0,0.004996652254672829,1.0,1.0,True,True,True,
CR9114_FluAH3_logKd_4FQY,TR2,200,200,0.0,3.1922131134529264,1.000025568204308,0.9925702493688033,0.8167888610871938,1.2053420912096084,0.07151159705669298,1.0,0.004976616629118635,1.0,1.0,True,True,True,
CR9114_FluAH3_logKd_4FQY,TR1_mad,200,200,0.0,3.7252514369781795,1.0000042139502825,0.9965640579787902,0.9289815360438252,1.0924563979156068,0.029032145728046,1.0,0.004993041061359366,1.0,1.0,True,True,True,
CR9114_FluAH3_logKd_4FQY,TR2_mad,200,200,0.0,2.984665978549627,1.0000044848030678,0.9973151417549602,0.9406997125928928,1.0984274465838644,0.02995089052206851,1.0,0.004996242088253916,1.0,1.0,True,True,True,
GB1_IgG-Fc_fitness_1FCC,rate_sigma_tau2,200,198,0.000101,0.13537223038815394,1.000027224569038,1.0013933879938786,0.8072150339587659,1.2043730341160828,0.07379151271126169,1.0,0.007220119940221786,1.0,1.0,True,True,True,
GB1_IgG-Fc_fitness_1FCC,rate_sigma_tau3,200,195,0.000251,0.07763383962110076,1.0000331990838254,1.0016167291852112,0.7931167034522087,1.2418438455220533,0.0814873505924512,1.0,0.006851253458942275,1.0,1.0,True,True,True,
GB1_IgG-Fc_fitness_1FCC,rate_sigma_tau4,200,195,0.000251,0.05688790897708095,1.0000417208434866,0.9996403031195306,0.7526753384727625,1.2659229358363624,0.09135069934483622,1.0,0.008841007775900356,1.0,1.0,True,True,True,
GB1_IgG-Fc_fitness_1FCC,rate_sigma_tau5,200,194,0.000302,0.04528071751320159,1.000061587514336,1.0018590013734574,0.7052914732198875,1.260292162264512,0.11098259802623284,1.0,0.007257675166497224,1.0,1.0,True,True,True,
GB1_IgG-Fc_fitness_1FCC,rate_sigma_tau6,200,194,0.000302,0.036871386575208234,1.000114741183781,1.01648664450223,0.6063721707914158,1.3301302702835267,0.1514636182543248,1.0,0.009778654836946746,1.0,1.0,True,True,True,
GB1_IgG-Fc_fitness_1FCC,rate_sigma_tau8,200,197,0.000151,0.024699357613370353,1.0003868495055253,1.0455264337310437,0.35195070009704094,1.5698026108987753,0.278083401198635,1.0,0.0052362289774812165,1.0,1.0,True,True,True,
GB1_IgG-Fc_fitness_1FCC,rate_mad_tau2,200,196,0.000201,0.2217340356034624,1.0000040833644346,1.0002263944242178,0.9328242348537713,1.082712456603222,0.02857774738470956,1.0,0.006956918899660158,1.0,1.0,True,True,True,
GB1_IgG-Fc_fitness_1FCC,rate_mad_tau3,200,195,0.000251,0.17017760901518864,1.00000592595024,0.9988771480066426,0.9264367716350951,1.0864283878612513,0.03442693428999082,1.0,0.008394697128436285,1.0,1.0,True,True,True,
GB1_IgG-Fc_fitness_1FCC,rate_mad_tau4,200,196,0.000201,0.14159559584081877,1.000006950820326,0.9993549014374298,0.9111783198464185,1.1041245750242208,0.037285377492468304,1.0,0.004997722829728931,1.0,1.0,True,True,True,
GB1_IgG-Fc_fitness_1FCC,rate_mad_tau5,200,198,0.000101,0.12422314769448528,1.0000083224006375,0.9988306329345835,0.8920816676178752,1.1310490846242702,0.04079845151037245,1.0,0.008211750153722885,1.0,1.0,True,True,True,
GB1_IgG-Fc_fitness_1FCC,rate_mad_tau6,200,194,0.000302,0.1131228972725788,1.0000095903278154,0.9976762787116371,0.8744941061829613,1.153169496837461,0.043795734159024574,1.0,0.008837693367112348,1.0,1.0,True,True,True,
GB1_IgG-Fc_fitness_1FCC,rate_mad_tau8,200,196,0.000201,0.09629424574010562,1.0000151102777166,0.9998130668125222,0.8268366344783736,1.1828794393921211,0.05497153462363051,1.0,0.007618687694012971,1.0,1.0,True,True,True,
GB1_IgG-Fc_fitness_1FCC,TR1,200,200,0.0,12.821547937817122,1.0001171849034833,1.0056339920637716,0.6765615118005142,1.4913161925332608,0.15310434637667955,1.0,0.004980430176360184,1.0,1.0,True,True,True,
GB1_IgG-Fc_fitness_1FCC,TR2,200,200,0.0,8.573437931862559,1.000130873947316,1.0027798841569817,0.6876251460054296,1.5224696667809894,0.16180395345503962,1.0,0.004994905365942048,1.0,1.0,True,True,True,
GB1_IgG-Fc_fitness_1FCC,TR1_mad,200,200,0.0,13.906163348978852,1.0000112477348475,0.9938457412342443,0.8603518631225404,1.1229868351547745,0.047429776616811206,1.0,0.004986166043915996,1.0,1.0,True,True,True,
GB1_IgG-Fc_fitness_1FCC,TR2_mad,200,200,0.0,10.488627914238162,1.0000124772209205,0.9978465954792396,0.8710566336358374,1.1558974755889415,0.04995609458704536,1.0,0.004996189370569781,1.0,1.0,True,True,True,
GB1_IgG-Fc_fitness_1FCC_2016,rate_sigma_tau2,200,191,0.000452,0.12022052196590538,1.0000262556798816,0.9980154326203561,0.7845585739083649,1.1730598911536685,0.07246389847371867,1.0,0.007034816423205359,1.0,1.0,True,True,True,
GB1_IgG-Fc_fitness_1FCC_2016,rate_sigma_tau3,200,184,0.000905,0.040040652745019084,1.000147903540009,1.0050154328526113,0.5883233065552314,1.38672280011381,0.1719943528717815,1.0,0.009123886526895386,1.0,0.9999999998322193,True,True,True,
GB1_IgG-Fc_fitness_1FCC_2016,rate_sigma_tau4,200,172,0.001457,0.014460871732919135,1.0004357293750001,0.9925104386335755,0.41913665145142753,1.7650670911985442,0.2952699799752863,1.0,0.009725225090157164,1.0,0.9999999998322193,True,True,True,
GB1_IgG-Fc_fitness_1FCC_2016,rate_sigma_tau5,200,162,0.00206,0.005212276361962837,1.0009218445342825,0.9526285447071412,0.23822240229842717,2.303232169107385,0.4296647159942734,1.0,0.009000379093058175,1.0,0.9999999998322193,True,True,True,
GB1_IgG-Fc_fitness_1FCC_2016,rate_sigma_tau6,200,125,0.005327,0.0018308117125927631,1.0018381785189763,0.9108275735055877,0.12513755698789497,3.230175625332624,0.607192360020891,1.0,0.010370821909015615,0.9999999998322193,0.9993642592607782,True,True,True,
GB1_IgG-Fc_fitness_1FCC_2016,rate_sigma_tau8,200,39,0.056834,0.0001902241653722986,1.0082482047635488,0.6036400404448938,0.0,9.786885245901638,1.2958457391883174,0.999999183845599,0.018748585460794276,0.26823327153159693,0.0012199446925109192,True,True,True,
GB1_IgG-Fc_fitness_1FCC_2016,rate_mad_tau2,200,169,0.001709,0.07017814339680531,1.0000104426645018,0.9996649674034268,0.8634104574481807,1.128130933832359,0.04570072713875066,1.0,0.009047577422346409,1.0,0.9999999998322193,True,True,True,
GB1_IgG-Fc_fitness_1FCC_2016,rate_mad_tau3,200,137,0.004523,0.010446509041400603,1.000064504055456,0.9985702557858518,0.7608715680854984,1.2849264705882353,0.113589923902103,1.0,0.011595014193921449,0.9999999998322193,0.9993642592607782,True,True,True,
GB1_IgG-Fc_fitness_1FCC_2016,rate_mad_tau4,200,69,0.016382,0.0013811386603769969,1.0002778392763882,0.9717474712242762,0.5541246084232508,1.8403979541792195,0.23580470916304883,0.9999999992626368,0.015496754810533697,0.9914365247149423,0.5616777704322757,True,True,True,
GB1_IgG-Fc_fitness_1FCC_2016,rate_mad_tau5,200,17,0.095879,0.00011179504880246983,1.0015585511882028,0.8570198105081827,0.0,3.649781659388647,0.5590604911909423,0.9318712232580487,0.037440268647638386,0.14639613563725018,0.00011598376100068608,True,True,True,
GB1_IgG-Fc_fitness_1FCC_2016,rate_mad_tau6,200,3,0.826281,1.9175823122207523e-06,1.053187134502924,0.0,0.0,22.11111111111111,3.347854315426758,0.9515565347121788,0.03581092463741231,2.3606943059080106e-38,7.297811146405241e-205,False,True,False,83% of the ensemble ties the held-out value -- the statistic is not resolvable at B=200
GB1_IgG-Fc_fitness_1FCC_2016,rate_mad_tau8,200,1,1.0,0.0,,,,,,0.9405272715014114,0.036763099044232195,2.9468237640334056e-47,0.0,False,True,False,reference rate is 0 in >= 1 leave-one-out set (tau beyond the ensemble support)
GB1_IgG-Fc_fitness_1FCC_2016,TR1,200,200,0.0,4.721263111592675,1.0000373508328,0.9934979176219423,0.8351020989817747,1.3427520530235093,0.08644006188837898,1.0,0.004995933438161182,1.0,1.0,True,True,True,
GB1_IgG-Fc_fitness_1FCC_2016,TR2,200,200,0.0,3.1810159515199996,1.000019146307459,0.9973546724100553,0.880325221542702,1.180370714107649,0.06188420831957226,1.0,0.004995479456586738,1.0,1.0,True,True,True,
GB1_IgG-Fc_fitness_1FCC_2016,TR1_mad,200,200,0.0,3.383266175516367,1.0000029260113583,1.0002418349413151,0.9362721513599582,1.0813473804239304,0.02419125287508297,1.0,0.004991218029877009,1.0,1.0,True,True,True,
GB1_IgG-Fc_fitness_1FCC_2016,TR2_mad,200,200,0.0,2.4751104394131884,1.0000012076160023,0.999281848500342,0.9652843105643985,1.0445098985671166,0.01554115085328214,1.0,0.004994363631598865,1.0,1.0,True,True,True,
KRAS_PICK3CG-RBD_norfitness_1HE8,rate_sigma_tau2,200,174,0.001457,0.10753274504980936,1.0000185415487195,0.9895419375466351,0.866638619505317,1.1779228978245895,0.0609009905410951,1.0,0.008941026834869303,1.0,0.9999999998322193,True,True,True,
KRAS_PICK3CG-RBD_norfitness_1HE8,rate_sigma_tau3,200,155,0.002663,0.0317225740991268,1.0000450894461437,0.992942888898185,0.8114504819693349,1.3036545271845703,0.09497406735666099,1.0,0.0096934610803171,0.999999999999994,0.9999948480179858,True,True,True,
KRAS_PICK3CG-RBD_norfitness_1HE8,rate_sigma_tau4,200,121,0.005678,0.011151611117943671,1.0000879485695637,1.0008451562846377,0.7047853575529517,1.3617272298253895,0.13263937805606618,1.0,0.00894389660709799,0.9999999998322193,0.9993642592607782,True,True,True,
KRAS_PICK3CG-RBD_norfitness_1HE8,rate_sigma_tau5,200,85,0.010503,0.004332031730414463,1.0001530062067567,1.0007489835223624,0.6376161486702979,1.4726512226512225,0.17495459215270578,0.9999999999655297,0.014517348810157316,0.9999948480179858,0.9598955556334829,True,True,True,
KRAS_PICK3CG-RBD_norfitness_1HE8,rate_sigma_tau6,200,55,0.021558,0.0018263436231705816,1.0002653604715805,1.0016923336555394,0.4869631254746436,1.6041578277471364,0.23042350169933362,0.9999999999765402,0.014406705388552155,0.9993642592607782,0.7955464488103132,True,True,True,
KRAS_PICK3CG-RBD_norfitness_1HE8,rate_sigma_tau8,200,25,0.055578,0.00039324806296888446,1.0007534115243448,1.0165029469548135,0.23365949119373777,2.2023715415019764,0.3883183391199273,0.8755353825388141,0.04101846277736931,0.5045714360548034,0.014579948726993143,True,True,True,
KRAS_PICK3CG-RBD_norfitness_1HE8,rate_mad_tau2,200,172,0.001508,0.16266603123847007,1.000006941980685,1.0007503711021561,0.8985051559114979,1.1129891420561193,0.037260651452446364,1.0,0.009908182160700219,1.0,0.9999999998322193,True,True,True,
KRAS_PICK3CG-RBD_norfitness_1HE8,rate_mad_tau3,200,175,0.001256,0.08334737424671011,1.00001885631938,0.9980387606723431,0.8381911669914278,1.1533150042483404,0.06141003965177585,1.0,0.008528921800432077,1.0,1.0,True,True,True,
KRAS_PICK3CG-RBD_norfitness_1HE8,rate_mad_tau4,200,166,0.001809,0.04484964948960767,1.0000365701099476,1.000558090076391,0.7861660759145188,1.2140297755967016,0.08552132782482606,1.0,0.008895946368934038,1.0,0.9999999998322193,True,True,True,
KRAS_PICK3CG-RBD_norfitness_1HE8,rate_mad_tau5,200,144,0.004121,0.024983396876152995,1.0000636609987574,1.0061102901411894,0.7078351941507756,1.3077590104737662,0.11283573363259876,1.0,0.010695818660829026,0.9999948480179858,0.9598955556334839,True,True,True,
KRAS_PICK3CG-RBD_norfitness_1HE8,rate_mad_tau6,200,146,0.003568,0.014173687123355061,1.0000980436396776,1.002212895841282,0.6691951070868885,1.3450937998209178,0.14002756654673995,1.0,0.008274027581653076,0.9999999998322193,0.9993642592607782,True,True,True,
KRAS_PICK3CG-RBD_norfitness_1HE8,rate_mad_tau8,200,91,0.009849,0.004419351863239453,1.000178239120156,0.9913650561240802,0.5344611091733519,1.5065717990957206,0.1888147532278735,0.9999999999999976,0.012332867719359764,0.9999948480179858,0.9598955556334829,True,True,True,
KRAS_PICK3CG-RBD_norfitness_1HE8,TR1,200,200,0.0,4.935784403208714,1.000013837582462,0.9939330705397758,0.8843753461982278,1.141267654170611,0.052609229145726986,1.0,0.004996531422772621,1.0,1.0,True,True,True,
KRAS_PICK3CG-RBD_norfitness_1HE8,TR2,200,200,0.0,3.022920304755221,1.0000056430486135,0.999272772723182,0.914269810740011,1.096533333111245,0.033595233320887506,1.0,0.004997918945104568,1.0,1.0,True,True,True,
KRAS_PICK3CG-RBD_norfitness_1HE8,TR1_mad,200,200,0.0,7.237608804480763,1.000005925873657,0.9998842562080628,0.9022321320156794,1.116239715719195,0.03442618389588037,1.0,0.0049822187808525875,1.0,1.0,True,True,True,
KRAS_PICK3CG-RBD_norfitness_1HE8,TR2_mad,200,200,0.0,4.649344682430297,1.0000062609113252,1.002156994554324,0.8829767137737642,1.0799032717145758,0.03538513420784973,1.0,0.004983558761178286,1.0,1.0,True,True,True,
KRAS_RAF1-RBD_norfitness_6VJJ,rate_sigma_tau2,200,178,0.001206,0.11147837643142808,1.0000279272273636,0.9905308591363284,0.833123185446653,1.1975402045308838,0.07474145681035463,1.0,0.011216024588513895,1.0,0.9999999998322193,True,True,True,
KRAS_RAF1-RBD_norfitness_6VJJ,rate_sigma_tau3,200,178,0.001256,0.03992460938470328,1.0000682699351733,0.9985961906429384,0.7356907560926107,1.4121478520226576,0.11686263123789434,1.0,0.009448438259615166,1.0,0.9999999998322193,True,True,True,
KRAS_RAF1-RBD_norfitness_6VJJ,rate_sigma_tau4,200,151,0.003166,0.018747174404451398,1.0001250312832115,0.9983953591093178,0.6083160000265814,1.4461668846595308,0.15813982299235835,1.0,0.010918780391430238,0.999999999999994,0.9999948480179858,True,True,True,
KRAS_RAF1-RBD_norfitness_6VJJ,rate_sigma_tau5,200,140,0.003869,0.009837916387212162,1.000213629022831,1.0049612363756328,0.41287873995825164,1.4704558172661137,0.20669868105607167,1.0,0.011247936067073028,0.999999999999994,0.9999948480179858,True,True,True,
KRAS_RAF1-RBD_norfitness_6VJJ,rate_sigma_tau6,200,133,0.004322,0.0053861440246416765,1.0003479450730375,0.9984704610424945,0.3355507818815975,1.7591774065974968,0.2638143229610744,0.9999999999999607,0.012868234458286026,0.999999999999994,0.9999948480179858,True,True,True,
KRAS_RAF1-RBD_norfitness_6VJJ,rate_sigma_tau8,200,90,0.011759,0.0016908860570832402,1.00083480853376,1.013732004429679,0.17556241729157476,2.261867617561845,0.4088404169145896,0.9999999999627223,0.014540166908577845,0.9993642592607782,0.7955464488103132,True,True,True,
KRAS_RAF1-RBD_norfitness_6VJJ,rate_mad_tau2,200,185,0.001005,0.15501204759420723,1.0000171832818028,0.9934260139010823,0.8642725685964139,1.15274370686515,0.05862372905593289,1.0,0.008134062327375013,0.999999999999994,0.9999948480179858,True,True,True,
KRAS_RAF1-RBD_norfitness_6VJJ,rate_mad_tau3,200,183,0.000854,0.08046252825595548,1.0000383008747082,0.9976171446182802,0.8161223825539764,1.2724227925184863,0.08752954308625074,1.0,0.009350170137640668,1.0,1.0,True,True,True,
KRAS_RAF1-RBD_norfitness_6VJJ,rate_mad_tau4,200,179,0.001156,0.04661089996770748,1.000056092145072,0.993618420442195,0.7691968178729823,1.3023175974874142,0.10592606934263415,1.0,0.011316378265477267,1.0,0.9999999998322193,True,True,True,
KRAS_RAF1-RBD_norfitness_6VJJ,rate_mad_tau5,200,173,0.001457,0.02858471818565715,1.000074777017304,0.9976113432809751,0.7403028426387085,1.3344195893514834,0.12230054265230365,1.0,0.01021705982638163,1.0,0.9999999998322193,True,True,True,
KRAS_RAF1-RBD_norfitness_6VJJ,rate_mad_tau6,200,159,0.002261,0.018113992597560677,1.0000945566621195,0.9921237348842165,0.6502462715315611,1.4292521563779754,0.13753033445434104,1.0,0.009842591324417727,1.0,0.9999999998322193,True,True,True,
KRAS_RAF1-RBD_norfitness_6VJJ,rate_mad_tau8,200,130,0.005528,0.007456218794246964,1.0001517396427886,0.997773457725429,0.5584565271861688,1.5366021519816024,0.1742223582326841,1.0,0.010741181372328379,0.9999999998322193,0.9993642592607782,True,True,True,
KRAS_RAF1-RBD_norfitness_6VJJ,TR1,200,200,0.0,6.48888485882421,1.0000419730956174,0.9933461158944821,0.7572588995351084,1.2934069142791393,0.0916296844974326,1.0,0.004999649137312601,1.0,1.0,True,True,True,
KRAS_RAF1-RBD_norfitness_6VJJ,TR2,200,200,0.0,3.6829785464182123,1.0000198123230635,1.0013055925260763,0.8416218574835863,1.1849530946270976,0.06294872374770723,1.0,0.004971402635013167,1.0,1.0,True,True,True,
KRAS_RAF1-RBD_norfitness_6VJJ,TR1_mad,200,200,0.0,8.1384717827954,1.0000074364277072,0.9989280984881307,0.886366674153509,1.1457513659346117,0.038565694456466626,1.0,0.004982107695530563,1.0,1.0,True,True,True,
KRAS_RAF1-RBD_norfitness_6VJJ,TR2_mad,200,200,0.0,5.318418157600739,1.0000086043147922,1.0016267471890328,0.8759394182567356,1.1465289592149608,0.0414822282118556,1.0,0.004978355720118982,1.0,1.0,True,True,True,
KRAS_RAF1_norfitness_6VJJ,rate_sigma_tau2,200,175,0.001457,0.10276767808876101,1.0000405780175354,0.9945492930213657,0.783527963748488,1.3697787858207646,0.09009433731177639,0.9999999999992295,0.01352184710032811,0.999999999999994,0.9999948480179858,True,True,True,
KRAS_RAF1_norfitness_6VJJ,rate_sigma_tau3,200,153,0.002864,0.030797366814892316,1.0000989914806713,1.0043677311334824,0.6556930025138118,1.5142954949043996,0.1407190719006234,1.0,0.01083199508724475,0.9999999998322193,0.9993642592607782,True,True,True,
KRAS_RAF1_norfitness_6VJJ,rate_sigma_tau4,200,128,0.005075,0.010874749324265411,1.0002239092754548,1.006265361215198,0.4798167534007113,1.8194469729150233,0.21165207879176584,0.9999999999999915,0.01256744054353387,0.999999999999994,0.9999948480179858,True,True,True,
KRAS_RAF1_norfitness_6VJJ,rate_sigma_tau5,200,88,0.010101,0.004073589676519313,1.0004385261135795,0.96838299169826,0.3840874973193224,2.1636284956996814,0.2962534815341507,0.9999975552935616,0.019464490046531002,0.9999948480179858,0.959895555633483,True,True,True,
KRAS_RAF1_norfitness_6VJJ,rate_sigma_tau6,200,55,0.020402,0.0015003487662394283,1.0008179544663545,0.9732837869666091,0.26054698865289494,2.4289705882352934,0.404708220081447,0.9999999756344483,0.016893051976633378,0.9972054211849518,0.6802625495871701,True,True,True,
KRAS_RAF1_norfitness_6VJJ,rate_sigma_tau8,200,15,0.09206,0.00021405527944894933,1.0024362724758304,0.8139059304703476,0.0,3.296066252587992,0.6991781130555282,0.997841237917108,0.027009024827701733,0.0880644283859453,1.599068548418649e-05,True,True,True,
KRAS_RAF1_norfitness_6VJJ,rate_mad_tau2,200,173,0.001608,0.12894236637893453,1.0000226823260603,0.996540901421165,0.789313966927982,1.2334850618821143,0.06735497997987275,1.0,0.008674262511162434,0.999999999999994,0.9999948480179858,True,True,True,
KRAS_RAF1_norfitness_6VJJ,rate_mad_tau3,200,155,0.002714,0.04970638242218153,1.0000671204621756,0.9901588336917817,0.6522781669071839,1.3804920913884007,0.11586984694223594,1.0,0.011392315530232955,0.999999999999994,0.9999948480179858,True,True,True,
KRAS_RAF1_norfitness_6VJJ,rate_mad_tau4,200,146,0.003568,0.02049655593338565,1.0001215466294555,0.9804422404856308,0.5900887447734449,1.6516470790083209,0.15594806862970684,0.9999999999966322,0.013883942037529517,0.9999999998322193,0.9993642592607782,True,True,True,
KRAS_RAF1_norfitness_6VJJ,rate_mad_tau5,200,104,0.00804,0.008864765890661784,1.0001880486805412,0.9909060886296998,0.4757831948929037,1.7524123731798675,0.19398229303052555,0.9999999999997439,0.013268767926245983,0.9999948480179858,0.959895555633483,True,True,True,
KRAS_RAF1_norfitness_6VJJ,rate_mad_tau6,200,73,0.016281,0.003678611910367076,1.0002818237682651,0.971656544003811,0.41357401579478653,2.1454240536655487,0.23752901959581393,0.9999988139942095,0.018983619277661234,0.9993642592607782,0.7955464488103132,True,True,True,
KRAS_RAF1_norfitness_6VJJ,rate_mad_tau8,200,22,0.062915,0.0004878367773999477,1.0007986003550924,0.9829366861248315,0.17799642218246872,2.157181571815718,0.39981419930224166,0.9999984548080059,0.019155376021029347,0.6206237172596365,0.03411035080315372,True,True,True,
KRAS_RAF1_norfitness_6VJJ,TR1,200,200,0.0,4.795665921125103,1.0000275075179472,0.9966243573342284,0.8244092426731847,1.1855967191843848,0.07417280976594443,1.0,0.004997382149437873,1.0,1.0,True,True,True,
KRAS_RAF1_norfitness_6VJJ,TR2,200,200,0.0,3.0825555505550724,1.0000129615544333,0.9993392669015797,0.8850907686350753,1.1241621149020604,0.050914775610868206,1.0,0.004989507423775574,1.0,1.0,True,True,True,
KRAS_RAF1_norfitness_6VJJ,TR1_mad,200,200,0.0,5.491043788494321,1.0000076766501764,0.9964939019225366,0.914101806707535,1.1144960222222666,0.03918369460563922,1.0,0.004996549137409434,1.0,1.0,True,True,True,
KRAS_RAF1_norfitness_6VJJ,TR2_mad,200,200,0.0,3.645612230139682,1.0000063321880648,0.9975830892936243,0.9022331570166116,1.1594459161597226,0.03558797425095498,1.0,0.004977523754083113,1.0,1.0,True,True,True,
KRAS_RALGDS-RBD_norfitness_1LFD,rate_sigma_tau2,200,175,0.001407,0.10753285902051544,1.0000199683889848,0.9932078155749349,0.8603143384388756,1.181107550190713,0.06319986510133566,1.0,0.00871972470742155,1.0,0.9999999998322193,True,True,True,
KRAS_RALGDS-RBD_norfitness_1LFD,rate_sigma_tau3,200,160,0.002513,0.03679238813646494,1.0000467683676473,0.9998751383079458,0.7889714051809835,1.2691207502930832,0.09672267172912012,0.9999999999943074,0.014019815394331392,0.999999999999994,0.9999948480179858,True,True,True,
KRAS_RALGDS-RBD_norfitness_1LFD,rate_sigma_tau4,200,156,0.002764,0.015929053088747928,1.000104476104544,0.9838033001854287,0.7003132144078626,1.394712836769899,0.14456397412370486,1.0,0.009122045846235882,0.999999999999994,0.9999948480179858,True,True,True,
KRAS_RALGDS-RBD_norfitness_1LFD,rate_sigma_tau5,200,128,0.005678,0.007310989199382822,1.000206277580792,0.9808731600086951,0.5693736771968331,1.6586274162085475,0.2031588402983025,0.9999999988634414,0.015651283056294762,0.9999999132077095,0.9914365247149419,True,True,True,
KRAS_RALGDS-RBD_norfitness_1LFD,rate_sigma_tau6,200,99,0.008693,0.0034593405337447858,1.00038233997266,0.9745185922974767,0.4200223482183503,1.9334890121346062,0.2766409252321919,0.9999999999687704,0.014488723470172493,0.9999999998322193,0.9993642592607782,True,True,True,
KRAS_RALGDS-RBD_norfitness_1LFD,rate_sigma_tau8,200,52,0.025528,0.0007914737985027716,1.001210009733463,0.8658448150833937,0.17976513098464317,3.1749495690445633,0.49272336373796327,0.9999917901319002,0.020357865342321646,0.8932878117043641,0.2002471391298516,True,True,True,
KRAS_RALGDS-RBD_norfitness_1LFD,rate_mad_tau2,200,172,0.001608,0.1722118406766101,1.0000096242361054,1.001739237046656,0.8866613280758491,1.160031307679727,0.04387340019368319,0.9999999999999952,0.012457853016199505,1.0,0.9999999998322193,True,True,True,
KRAS_RALGDS-RBD_norfitness_1LFD,rate_mad_tau3,200,179,0.001156,0.0941365220869764,1.0000215369591927,1.0010402385836694,0.8422320812142512,1.2456892668050257,0.06563332866451635,1.0,0.007538132921214746,1.0,0.9999999998322193,True,True,True,
KRAS_RALGDS-RBD_norfitness_1LFD,rate_mad_tau4,200,167,0.00196,0.054954711697811305,1.000032755455699,1.0024534129282179,0.8212879816226375,1.2666968406291532,0.08094298688274346,1.0,0.008879415799699364,0.999999999999994,0.9999948480179858,True,True,True,
KRAS_RALGDS-RBD_norfitness_1LFD,rate_mad_tau5,200,169,0.001658,0.034418823932796154,1.0000505369918216,0.996170514259216,0.7753257522407837,1.3011535263815373,0.10054220166874014,1.0,0.008532442511819283,1.0,0.9999999998322193,True,True,True,
KRAS_RALGDS-RBD_norfitness_1LFD,rate_mad_tau6,200,162,0.002261,0.02243356763243614,1.0000776652847136,0.9966334620000699,0.7122314112970229,1.2934005076532573,0.1246375343304917,0.9999999999999999,0.011834297945840455,1.0,0.9999999998322193,True,True,True,
KRAS_RALGDS-RBD_norfitness_1LFD,rate_mad_tau8,200,134,0.004422,0.009396536944968283,1.000166797812789,0.9820929273174533,0.5826166514181154,1.4199920374850703,0.18265995452992445,1.0,0.009045579855142871,0.999999999999994,0.9999948480179858,True,True,True,
KRAS_RALGDS-RBD_norfitness_1LFD,TR1,200,200,0.0,5.687506531792496,1.0000292405303888,0.993710163936368,0.8332015446064869,1.2584596936350765,0.07648269473524541,1.0,0.004991468916919567,1.0,1.0,True,True,True,
KRAS_RALGDS-RBD_norfitness_1LFD,TR2,200,200,0.0,3.432194265255302,1.000012231591824,0.9954392176349995,0.8757209842376992,1.1630364019284307,0.04946251244483932,1.0,0.0049984541985038655,1.0,1.0,True,True,True,
KRAS_RALGDS-RBD_norfitness_1LFD,TR1_mad,200,200,0.0,7.99641330442337,1.0000064078997533,1.0008765327152118,0.8789535182947582,1.0880541461339976,0.03579860114631454,1.0,0.004998811494806743,1.0,1.0,True,True,True,
KRAS_RALGDS-RBD_norfitness_1LFD,TR2_mad,200,200,0.0,5.412935296778303,1.0000100763784285,1.0004034433643607,0.8441990010380598,1.0921571299868023,0.044890330657425245,1.0,0.004999835287221116,1.0,1.0,True,True,True,
KRAS_SOS1_norfitness_8BE4,rate_sigma_tau2,200,178,0.001206,0.12420764039527597,1.0000190532270417,0.993369447977213,0.8792320258054142,1.2224022764933995,0.06173593193072832,1.0,0.009831670020508207,1.0,0.9999999998322193,True,True,True,
KRAS_SOS1_norfitness_8BE4,rate_sigma_tau3,200,159,0.002362,0.04263467100506146,1.0000310287128078,0.9903204500950558,0.816135097740093,1.2658754004629547,0.07878297603316986,1.0,0.009510268866754434,0.999999999999994,0.9999948480179858,True,True,True,
KRAS_SOS1_norfitness_8BE4,rate_sigma_tau4,200,137,0.004171,0.017937454808387564,1.0000612056713851,0.9866991631895445,0.7481581387507376,1.3764988415160073,0.11065483314364416,0.999999999999995,0.012466435706015022,0.999999999999994,0.9999948480179858,True,True,True,
KRAS_SOS1_norfitness_8BE4,rate_sigma_tau5,200,111,0.006734,0.00829853579175705,1.0001200152090162,0.9856068027920252,0.6123634377276037,1.429848617814831,0.15495361061783464,0.9999999998046735,0.015048871267613784,0.9999999132077095,0.9914365247149419,True,True,True,
KRAS_SOS1_norfitness_8BE4,rate_sigma_tau6,200,87,0.011407,0.003991624487828392,1.0001789223409074,0.9886979937042516,0.5875094625283876,1.5286735625190144,0.1892076189217151,0.9999999999999986,0.012234096681705109,0.9999146103740949,0.8932878117043641,True,True,True,
KRAS_SOS1_norfitness_8BE4,rate_sigma_tau8,200,44,0.027739,0.0010002410219329958,1.0004757311932335,0.9636803874092009,0.33021571881128375,1.906188231716588,0.30855932916552564,0.9999992028366931,0.01873406699289637,0.9914365247149423,0.5616777704322757,True,True,True,
KRAS_SOS1_norfitness_8BE4,rate_mad_tau2,200,175,0.001508,0.1316883586406363,1.0000101041552703,0.9967810293578165,0.8522640590392339,1.1281532132635121,0.04495383667023319,1.0,0.008852496832797985,0.999999999999994,0.9999948480179858,True,True,True,
KRAS_SOS1_norfitness_8BE4,rate_mad_tau3,200,160,0.002714,0.056594661364184146,1.0000233819650568,0.997330298398716,0.7896973114242424,1.246684826132489,0.06838862417723401,0.9999999999989836,0.013587748063416782,0.999999999999994,0.9999948480179858,True,True,True,
KRAS_SOS1_norfitness_8BE4,rate_mad_tau4,200,147,0.003769,0.02662418655097614,1.000043488368429,0.9957807826591304,0.7617852193470704,1.3124316566429743,0.09326751835868484,0.9999999999999986,0.012240427744720728,0.9999999998322193,0.9993642592607782,True,True,True,
KRAS_SOS1_norfitness_8BE4,rate_mad_tau5,200,125,0.005126,0.013160550735116896,1.00007000125203,0.9946509058978924,0.7017505570998644,1.3738215430007146,0.11832808399360736,0.9999999999999863,0.012656882255398738,0.999999999999994,0.9999948480179858,True,True,True,
KRAS_SOS1_norfitness_8BE4,rate_mad_tau6,200,93,0.009799,0.006628705712219812,1.0000950765939243,0.9999087467539876,0.6396963272006019,1.4348005218704938,0.13790271245026461,0.9999999999980598,0.013745276285888508,0.9999999132077095,0.9914365247149419,True,True,True,
KRAS_SOS1_norfitness_8BE4,rate_mad_tau8,200,48,0.025126,0.0015976741383465895,1.0002366964506246,1.0089082907770424,0.3948039678790742,1.7794901065449011,0.21757595906158086,0.9999753095039885,0.021285707783273322,0.9796684154603761,0.45015844138021865,True,True,True,
KRAS_SOS1_norfitness_8BE4,TR1,200,200,0.0,5.602962654426797,1.000018255615506,0.9979841347628733,0.8533061961411783,1.192556990947385,0.06042685000862212,1.0,0.004993361042582134,1.0,1.0,True,True,True,
KRAS_SOS1_norfitness_8BE4,TR2,200,200,0.0,3.3437199268437166,1.0000073977520318,1.0001064000413868,0.9037300331926792,1.0973314393112925,0.03846543431382593,1.0,0.0049842888804917385,1.0,1.0,True,True,True,
KRAS_SOS1_norfitness_8BE4,TR1_mad,200,200,0.0,6.484678072539882,1.000007640158359,1.00182681542528,0.8785588629469876,1.1078010071154858,0.03908899398044645,1.0,0.004988247600583251,1.0,1.0,True,True,True,
KRAS_SOS1_norfitness_8BE4,TR2_mad,200,200,0.0,4.08616793009373,1.0000044997246682,1.0006651449357489,0.9047499328878009,1.0835955544266322,0.02999853879587547,1.0,0.004987386553818501,1.0,1.0,True,True,True,
SARS2-RBD_ACE2_deltaKd_6M0J,rate_sigma_tau2,200,200,0.0,0.12207496463696475,1.0000351687125582,0.9898477631043663,0.7287768688491613,1.2949291882423886,0.08387662371271151,1.0,0.004980246264265964,1.0,1.0,True,True,True,
SARS2-RBD_ACE2_deltaKd_6M0J,rate_sigma_tau3,200,199,5e-05,0.04382555675303638,1.000054693008193,0.9876389940349632,0.7032262495143137,1.4122989669494677,0.10460093560817293,1.0,0.0073173554913796846,1.0,1.0,True,True,True,
SARS2-RBD_ACE2_deltaKd_6M0J,rate_sigma_tau4,200,198,0.000151,0.015097356145230063,1.0001187506269007,0.9840105558278839,0.6695355380284549,1.7834974647769017,0.15415490557459005,1.0,0.008538226833709694,1.0,0.9999999998322193,True,True,True,
SARS2-RBD_ACE2_deltaKd_6M0J,rate_sigma_tau5,200,199,5e-05,0.004364125485044684,1.0003410338453798,0.9683837604349752,0.4101414230786044,2.321980400254468,0.26131384430653626,1.0,0.004971657514750136,1.0,1.0,True,True,True,
SARS2-RBD_ACE2_deltaKd_6M0J,rate_sigma_tau6,200,192,0.000452,0.0010599571118770062,1.0010774782678906,0.9142497062191415,0.13452944142616993,3.5730012042434485,0.46485798929095745,1.0,0.007625541244215661,1.0,0.9999999998322193,True,True,True,
SARS2-RBD_ACE2_deltaKd_6M0J,rate_sigma_tau8,200,89,0.254372,6.954173430501725e-05,1.010123573435841,0.0,0.0,8.585756562908676,1.433827895044482,0.9008691495932589,0.039540513156585355,5.937560355433419e-12,9.311117499998999e-48,True,True,True,
SARS2-RBD_ACE2_deltaKd_6M0J,rate_mad_tau2,200,200,0.0,0.10922195314057002,1.0000328449215026,1.0017523904383947,0.8140865418914831,1.2130998647069184,0.08105285031179403,1.0,0.004994303691262747,1.0,1.0,True,True,True,
SARS2-RBD_ACE2_deltaKd_6M0J,rate_mad_tau3,200,200,0.0,0.03367886859847489,1.0001233723184888,0.9787609424564309,0.6248663033560082,1.4655602638099892,0.15710766312718175,1.0,0.004995000336703304,1.0,1.0,True,True,True,
SARS2-RBD_ACE2_deltaKd_6M0J,rate_mad_tau4,200,198,0.000101,0.008759631735365144,1.0003175281620775,0.9733487376520393,0.43147274170037064,1.8572689997692646,0.2520800697586846,1.0,0.007551593353606778,1.0,1.0,True,True,True,
SARS2-RBD_ACE2_deltaKd_6M0J,rate_mad_tau5,200,195,0.000251,0.0026097129820690664,1.0003847743459164,1.0175498640951806,0.4372231027951376,1.8559746547819163,0.27746614721656543,1.0,0.008386483031492697,1.0,1.0,True,True,True,
SARS2-RBD_ACE2_deltaKd_6M0J,rate_mad_tau6,200,194,0.000302,0.0007556253581830853,1.0012535130147888,0.9518279745075623,0.09421537141081766,2.5712344480361704,0.501031688744654,1.0,0.007219034473972208,1.0,1.0,True,True,True,
SARS2-RBD_ACE2_deltaKd_6M0J,rate_mad_tau8,200,39,0.615628,1.6851668441476688e-05,1.021494686279509,0.0,0.0,13.546605680351814,2.09772372804405,0.3494497640430143,0.06511612790194687,1.208080094382683e-28,1.8912768386217903e-131,True,True,False,62% of the ensemble ties the held-out value -- the statistic is not resolvable at B=200
SARS2-RBD_ACE2_deltaKd_6M0J,TR1,200,200,0.0,4.409544669386451,1.0000150987624716,0.992187716672574,0.8942312033892941,1.2036571628449453,0.05495742599989603,1.0,0.0049907690881708655,1.0,1.0,True,True,True,
SARS2-RBD_ACE2_deltaKd_6M0J,TR2,200,200,0.0,3.1923530541560483,1.0000087494347687,0.9966465386749412,0.8923618518185347,1.1434919777398798,0.04183379620080407,1.0,0.004962842760612318,1.0,1.0,True,True,True,
SARS2-RBD_ACE2_deltaKd_6M0J,TR1_mad,200,200,0.0,4.408713750874614,1.0000116454533108,1.0001452961807127,0.8770431229537411,1.1233934216183654,0.04826120625909323,1.0,0.00498662438784736,1.0,1.0,True,True,True,
SARS2-RBD_ACE2_deltaKd_6M0J,TR2_mad,200,200,0.0,2.9788583989185167,1.000007121350574,1.0033645777989113,0.9064458839586315,1.1014732387811734,0.03773938276723815,1.0,0.004979264963623997,1.0,1.0,True,True,True,
Z-domain_ZSPA-1_LL1_fitness_1LP1,rate_sigma_tau2,200,193,0.000352,0.1099710377400526,1.0000538209658887,1.0000352953709226,0.7214176356608847,1.2473131723864246,0.1037488484254418,1.0,0.00982390526124649,1.0,1.0,True,True,True,
Z-domain_ZSPA-1_LL1_fitness_1LP1,rate_sigma_tau3,200,191,0.000452,0.035734527469589626,1.000316465298571,0.9622158876197575,0.47381840679427806,1.9249282393030398,0.2517052505599963,1.0,0.007165099716751611,1.0,1.0,True,True,True,
Z-domain_ZSPA-1_LL1_fitness_1LP1,rate_sigma_tau4,200,183,0.000854,0.01106090986053558,1.0020072492728647,0.7900711495184561,0.22337458074836833,3.972395893966267,0.6354782365690891,1.0,0.0077089404061772004,1.0,1.0,True,True,True,
Z-domain_ZSPA-1_LL1_fitness_1LP1,rate_sigma_tau5,200,157,0.002864,0.004761247010946249,1.0084456235656363,0.4058780901190163,0.031043304629976284,7.601667881143227,1.3104569298714797,1.0,0.011181280727147747,0.999999999999994,0.9999948480179858,True,True,True,
Z-domain_ZSPA-1_LL1_fitness_1LP1,rate_sigma_tau6,200,106,0.009548,0.003223276745533128,1.0156915759705196,0.13764016671682028,0.0,9.890081985054053,1.7923783004894143,0.9999999999999999,0.011856669914827367,0.9999999132077095,0.9914365247149419,True,True,True,
Z-domain_ZSPA-1_LL1_fitness_1LP1,rate_sigma_tau8,200,67,0.235729,0.00140348141217009,1.018688536305479,0.010530214837548948,0.0,10.848287021537775,1.9553027534073733,0.578336839087396,0.05428739168169672,1.269097140195148e-10,5.770032341836171e-42,True,True,True,
Z-domain_ZSPA-1_LL1_fitness_1LP1,rate_mad_tau2,200,184,0.000804,0.0690180308633724,1.0000414961817972,0.9770955471312935,0.8310319194224208,1.3794395358537785,0.09113153443535497,1.0,0.008502958261389082,1.0,1.0,True,True,True,
Z-domain_ZSPA-1_LL1_fitness_1LP1,rate_mad_tau3,200,164,0.002111,0.010754206953912875,1.0019059476846683,0.7067667373242047,0.5014607130494981,3.9935970133483605,0.6197246057549067,1.0,0.008541173981686745,1.0,0.9999999998322193,True,True,True,
Z-domain_ZSPA-1_LL1_fitness_1LP1,rate_mad_tau4,200,116,0.010955,0.003931589656760089,1.0136150542943376,0.17305656382335147,0.030075187969924814,9.53208503226317,1.6685746519292315,0.9999981369198454,0.019279657944986206,0.9993642592607782,0.7955464488103132,True,True,True,
Z-domain_ZSPA-1_LL1_fitness_1LP1,rate_mad_tau5,200,81,0.213719,0.00302729878655557,1.0196489582751556,0.004881758414287117,0.0,10.895081373386116,2.0094030014281947,0.996619065083251,0.027880313056035333,8.770605486235078e-10,2.3606943059081166e-38,True,True,True,
Z-domain_ZSPA-1_LL1_fitness_1LP1,rate_mad_tau6,200,60,0.428894,0.002634451722140534,1.0210939395932777,0.0,0.0,11.650344642377584,2.084059720223473,0.7250402780752034,0.0481055490069191,6.609793760568089e-20,1.4933720077218122e-84,True,True,True,
Z-domain_ZSPA-1_LL1_fitness_1LP1,rate_mad_tau8,200,49,0.525025,0.0006529133063018907,1.0267111639216853,0.0,0.0,14.444918872758326,2.356400395290996,0.34469863905751863,0.06537902974009036,2.169227755875704e-24,1.8039656287287843e-107,True,True,False,53% of the ensemble ties the held-out value -- the statistic is not resolvable at B=200
Z-domain_ZSPA-1_LL1_fitness_1LP1,TR1,200,200,0.0,4.713077527134962,1.0004233402287037,0.8450625713424492,0.7313310925293852,1.8032967140681697,0.29120457412657463,1.0,0.0049815998357151114,1.0,1.0,True,True,True,
Z-domain_ZSPA-1_LL1_fitness_1LP1,TR2,200,200,0.0,3.152140691166874,1.0002613481912628,0.9039789460364742,0.8226344671021182,1.9362401368963384,0.22895229030923112,1.0,0.004998400603266069,1.0,1.0,True,True,True,
Z-domain_ZSPA-1_LL1_fitness_1LP1,TR1_mad,200,200,0.0,4.350695057783912,1.0008419004918172,0.7498411125597575,0.6882647343768035,1.8818216511707646,0.4107675596540998,1.0,0.004997532020373341,1.0,1.0,True,True,True,
Z-domain_ZSPA-1_LL1_fitness_1LP1,TR2_mad,200,200,0.0,2.814610228677642,1.0004826024841547,0.8730908856370758,0.8352943432035029,2.367033643156409,0.31144334453463907,1.0,0.004996507433961295,1.0,1.0,True,True,True,
Z-domain_ZSPA-1_LL2_fitness_1LP1,rate_sigma_tau2,200,136,0.004523,0.0630719298245614,1.000071105893258,0.9864611772160156,0.711051559054239,1.4066164936132068,0.11927327400140128,0.9999999999978227,0.013773917217255155,0.9999999998322193,0.9993642592607782,True,True,True,
Z-domain_ZSPA-1_LL2_fitness_1LP1,rate_sigma_tau3,200,85,0.010804,0.010273684210526317,1.0005423591658795,0.9503561931405464,0.31767388825541615,2.3611335099642896,0.3296344970517508,0.9999999990317143,0.015593531763688384,0.9999948480179858,0.9598955556334829,True,True,True,
Z-domain_ZSPA-1_LL2_fitness_1LP1,rate_sigma_tau4,200,53,0.02598,0.0024719298245614034,1.0024950168003084,0.7561149370695798,0.14133522727272727,4.083775953645582,0.708273894993426,0.9999856391711741,0.020813617737303614,0.9796684154603761,0.45015844138021754,True,True,True,
Z-domain_ZSPA-1_LL2_fitness_1LP1,rate_sigma_tau5,200,31,0.07392,0.0007865497076023392,1.006242520699471,0.5935868754660701,0.0,5.9425727411944855,1.1235680221425115,0.9815249043670736,0.032190740865366885,0.2002471391298516,0.0003919450012692137,True,True,True,
Z-domain_ZSPA-1_LL2_fitness_1LP1,rate_sigma_tau6,200,16,0.200302,0.00027602339181286554,1.0116958985698123,0.42250530785562634,0.0,9.266075388026607,1.5457276595447955,0.6197676607958995,0.05253596650424608,7.925012951323502e-06,9.131209362866285e-22,True,True,True,
Z-domain_ZSPA-1_LL2_fitness_1LP1,rate_sigma_tau8,200,6,0.665678,4.093567251461989e-05,1.0466455620062902,0.0,0.0,33.16666666666666,3.195027812842034,0.4694649493186803,0.05909673360800405,3.776881955412077e-30,1.1480825416296744e-140,True,True,False,67% of the ensemble ties the held-out value -- the statistic is not resolvable at B=200
Z-domain_ZSPA-1_LL2_fitness_1LP1,rate_mad_tau2,200,124,0.005427,0.058223391812865496,1.0000379897751315,1.0034119924768754,0.7704934562100465,1.1964089039780936,0.08716462473943763,0.9999999999999977,0.012325771343773329,0.9999999998322193,0.9993642592607782,True,True,True,
Z-domain_ZSPA-1_LL2_fitness_1LP1,rate_mad_tau3,200,45,0.027688,0.0044918128654970755,1.0003725746282404,0.9894020672510795,0.3893816853639447,2.015123619147817,0.2730853687699062,0.999995046960524,0.019970606898264576,0.991436524714942,0.5616777704322745,True,True,True,
Z-domain_ZSPA-1_LL2_fitness_1LP1,rate_mad_tau4,200,8,0.232663,0.00018070175438596493,1.0036508353121811,0.6461038961038961,0.0,4.612582781456953,0.8563959606468732,0.9999021845761771,0.02264596197954427,2.2537963194322022e-05,6.609793760568191e-20,True,True,True,
Z-domain_ZSPA-1_LL2_fitness_1LP1,rate_mad_tau5,200,3,0.726834,1.9883040935672518e-05,1.0289204545454542,0.0,0.0,12.4375,2.437810484084081,0.20606583583647364,0.0745255763074909,6.858053954056296e-33,7.314370737313421e-159,True,True,False,73% of the ensemble ties the held-out value -- the statistic is not resolvable at B=200
Z-domain_ZSPA-1_LL2_fitness_1LP1,rate_mad_tau6,200,2,0.970302,1.7543859649122807e-06,1.4925,0.0,0.0,99.5,12.0944695522375,0.8396617464432423,0.0428977221801875,8.930692332207156e-46,0.0,False,True,False,97% of the ensemble ties the held-out value -- the statistic is not resolvable at B=200
Z-domain_ZSPA-1_LL2_fitness_1LP1,rate_mad_tau8,200,1,1.0,0.0,,,,,,0.3169594776871685,0.06696445547423624,2.9468237640334056e-47,0.0,False,True,False,reference rate is 0 in >= 1 leave-one-out set (tau beyond the ensemble support)
Z-domain_ZSPA-1_LL2_fitness_1LP1,TR1,200,200,0.0,3.944528223099253,1.000140534438283,0.9656846165179023,0.7832410837945528,1.8545958740329458,0.16776630557725883,1.0,0.0049958414917798954,1.0,1.0,True,True,True,
Z-domain_ZSPA-1_LL2_fitness_1LP1,TR2,200,200,0.0,2.5732176415913774,1.000023688520252,0.9842766894920755,0.9009783549776442,1.3463686827075745,0.06885117117295399,1.0,0.004981057926869078,1.0,1.0,True,True,True,
Z-domain_ZSPA-1_LL2_fitness_1LP1,TR1_mad,200,200,0.0,2.9186136263703135,1.0000066114000632,0.9961826701423186,0.9253540239125889,1.1167196126071632,0.036364687325737145,1.0,0.004987546430500811,1.0,1.0,True,True,True,
Z-domain_ZSPA-1_LL2_fitness_1LP1,TR2_mad,200,200,0.0,2.322910431436703,1.0000026016820847,0.998302110602411,0.9346031408104633,1.0729002141927755,0.022811426775947823,1.0,0.004994931766563994,1.0,1.0,True,True,True,
Z-domain_ZpA963_HL1_fitness_2M5A,rate_sigma_tau2,200,137,0.004673,0.06898527594728171,1.0000540672096583,1.00677305312339,0.7094314751986579,1.2538563210621967,0.10398722524509058,1.0,0.009243474265892254,0.9999999132077095,0.9914365247149419,True,True,True,
Z-domain_ZpA963_HL1_fitness_2M5A,rate_sigma_tau3,200,89,0.010251,0.009887252883031302,1.0003512574576894,0.9578820697954271,0.43615300318321765,1.7456140350877194,0.2651328939709399,0.9999999999977737,0.013779487570903859,0.9999146103740949,0.8932878117043641,True,True,True,
Z-domain_ZpA963_HL1_fitness_2M5A,rate_sigma_tau4,200,30,0.046884,0.0011305601317957166,1.0018323836484972,0.8189300411522634,0.09066059225512531,3.6920222634508355,0.6065073089479212,0.9999999863801069,0.016635139916044706,0.7955464488103132,0.10485406942865472,True,True,True,
Z-domain_ZpA963_HL1_fitness_2M5A,rate_sigma_tau5,200,9,0.28196,0.00012407331136738054,1.0084263550902275,0.8291666666666668,0.0,6.832618025751073,1.3062716476159775,0.9830112606665107,0.03192727009348617,1.3563781691566783e-08,2.7123018396100965e-33,True,True,True,
Z-domain_ZpA963_HL1_fitness_2M5A,rate_sigma_tau6,200,4,0.823467,1.2870675453047778e-05,1.0621854413702239,0.0,0.0,27.13636363636363,3.6544635511477903,0.575551723919377,0.05440612095047004,2.3606943059080106e-38,7.297811146405241e-205,False,True,False,82% of the ensemble ties the held-out value -- the statistic is not resolvable at B=200
Z-domain_ZpA963_HL1_fitness_2M5A,rate_sigma_tau8,200,1,1.0,0.0,,,,,,0.2453138099002793,0.071567044425833,2.9468237640334056e-47,0.0,False,True,False,reference rate is 0 in >= 1 leave-one-out set (tau beyond the ensemble support)
Z-domain_ZpA963_HL1_fitness_2M5A,rate_mad_tau2,200,128,0.005276,0.08947384678747941,1.0000191346979315,0.991939028057271,0.8497934182774263,1.148185443034312,0.0618640138594589,0.9999999999986425,0.01365758473821399,0.9999999998322193,0.9993642592607782,True,True,True,
Z-domain_ZpA963_HL1_fitness_2M5A,rate_mad_tau3,200,109,0.007136,0.026176379736408566,1.0000940187611678,0.9971339254280689,0.643949409048756,1.407126445888132,0.13713972260737556,0.9999999999988884,0.013609226647373518,0.9999999998322193,0.9993642592607782,True,True,True,
Z-domain_ZpA963_HL1_fitness_2M5A,rate_mad_tau4,200,67,0.016281,0.0074608731466227355,1.0002742538886777,0.9728186018496365,0.5507888181566565,1.675527103193932,0.23427674920442423,0.999999937483647,0.017337102918316583,0.9999948480179858,0.9598955556334829,True,True,True,
Z-domain_ZpA963_HL1_fitness_2M5A,rate_mad_tau5,200,36,0.036482,0.001960461285008237,1.0009961911420109,0.8923766816143497,0.26163555088088347,2.5404255319148934,0.44686125743954114,0.9997087562372265,0.023931765409997474,0.9310756280857251,0.26823327153159693,True,True,True,
Z-domain_ZpA963_HL1_fitness_2M5A,rate_mad_tau6,200,17,0.100402,0.0004617998352553541,1.0031848079786068,0.8913773796192611,0.0,5.470790378006873,0.8008135816645021,0.9998462610116294,0.023153098955595586,0.1716602223845356,0.00021541912448873007,True,True,True,
Z-domain_ZpA963_HL1_fitness_2M5A,rate_mad_tau8,200,3,0.894121,7.722405271828668e-06,1.1098076923076923,0.0,0.0,30.61538461538461,4.958424097625211,0.7038836597987097,0.04900480132630214,5.770032341836035e-42,2.3636139195935907e-252,False,True,False,89% of the ensemble ties the held-out value -- the statistic is not resolvable at B=200
Z-domain_ZpA963_HL1_fitness_2M5A,TR1,200,200,0.0,3.2824179585087347,1.0000161904013811,0.9931747668546876,0.87868076255672,1.1972444773648194,0.056909224715473536,1.0,0.004995488811199655,1.0,1.0,True,True,True,
Z-domain_ZpA963_HL1_fitness_2M5A,TR2,200,200,0.0,2.448157633632894,1.0000052478679338,0.9993354192707614,0.9308393636140714,1.1071369255127224,0.032398243305083556,1.0,0.004999608692987434,1.0,1.0,True,True,True,
Z-domain_ZpA963_HL1_fitness_2M5A,TR1_mad,200,200,0.0,4.43338283945679,1.000022523817645,0.988258999518741,0.8536777464439645,1.3006916642768085,0.06712728045161387,1.0,0.004981408024946454,1.0,1.0,True,True,True,
Z-domain_ZpA963_HL1_fitness_2M5A,TR2_mad,200,200,0.0,3.081311121538308,1.0000079651179177,0.9996259682176356,0.9033605109772693,1.1098259314974355,0.039913796203071374,1.0,0.004992862681813315,1.0,1.0,True,True,True,
hYAP65_peptide_FunctioncalScore_1JMQ,rate_sigma_tau2,200,187,0.000704,0.13421975064722713,1.0000738235358702,0.9852948772633741,0.6831530493356339,1.369732598729435,0.12152532349939954,1.0,0.009467142595536049,1.0,0.9999999998322193,True,True,True,
hYAP65_peptide_FunctioncalScore_1JMQ,rate_sigma_tau3,200,186,0.000754,0.04723259299632103,1.000294829775202,0.9669820405933747,0.39474568493620893,1.6037477962158526,0.24289550941274185,1.0,0.009180973697621553,1.0,0.9999999998322193,True,True,True,
hYAP65_peptide_FunctioncalScore_1JMQ,rate_sigma_tau4,200,169,0.001658,0.014134418858155062,1.0010851061117618,0.9021203479377589,0.1800123023483012,2.4198733976509046,0.4662762011025953,1.0,0.009491478698289563,1.0,0.9999999998322193,True,True,True,
hYAP65_peptide_FunctioncalScore_1JMQ,rate_sigma_tau5,200,129,0.005377,0.0035474860335195533,1.00311946080972,0.7865612648221344,0.0669036069353057,4.264773674660389,0.7923795810573429,0.9999999999999999,0.011849553232040733,0.9999999132077095,0.9914365247149419,True,True,True,
hYAP65_peptide_FunctioncalScore_1JMQ,rate_sigma_tau6,200,65,0.022764,0.0007884248535222782,1.0068058561637494,0.6036836403033586,0.0,6.435102586975915,1.174538191701114,0.999999970769259,0.016976230747506094,0.9796684154603761,0.4501584413802199,True,True,True,
hYAP65_peptide_FunctioncalScore_1JMQ,rate_sigma_tau8,200,11,0.468141,3.1339419539446795e-05,1.0364425906959638,0.0,0.0,31.289308176100633,2.8255929688255645,0.7358789292297132,0.047640716062885086,3.285700206938783e-20,4.806032996342013e-86,True,True,True,
hYAP65_peptide_FunctioncalScore_1JMQ,rate_mad_tau2,200,172,0.001457,0.09093064450197573,1.0000188067631206,0.9994879563717559,0.8568953484216012,1.1615150704442947,0.061330656098463124,1.0,0.008531601196291372,1.0,0.9999999998322193,True,True,True,
hYAP65_peptide_FunctioncalScore_1JMQ,rate_mad_tau3,200,144,0.004523,0.01873773674887587,1.0001133250389298,0.9989676965999708,0.6933987649478706,1.463208497390349,0.1505590456207422,0.9999999999999999,0.0118564548389134,0.9999999132077095,0.9914365247149419,True,True,True,
hYAP65_peptide_FunctioncalScore_1JMQ,rate_mad_tau4,200,57,0.022161,0.0010921106417768089,1.0010754992974664,0.8884636685713974,0.21748633879781423,2.8010438083188363,0.46437200624471836,0.9999991776902368,0.01875322577858629,0.9972054211849518,0.6802625495871695,True,True,True,
hYAP65_peptide_FunctioncalScore_1JMQ,rate_mad_tau5,200,10,0.220352,6.046464095925875e-05,1.0076029290540913,0.5621468926553673,0.0,13.786144578313257,1.254768192972823,0.8806737366500873,0.04073103753003704,1.5990685484186613e-05,1.6237665353022005e-20,True,True,True,
hYAP65_peptide_FunctioncalScore_1JMQ,rate_mad_tau6,200,4,0.622362,9.708407139937321e-06,1.0205928932178931,0.0,0.0,11.055555555555555,2.052809446384516,0.8736950412688586,0.04112009712550502,3.493327263528976e-27,6.605346812119067e-123,True,True,False,62% of the ensemble ties the held-out value -- the statistic is not resolvable at B=200
hYAP65_peptide_FunctioncalScore_1JMQ,rate_mad_tau8,200,2,0.99,1.7032293227960214e-07,0.0,0.0,0.0,0.0,0.0,0.970388596401574,0.03381122071359233,9.256385411205685e-47,0.0,False,True,False,reference rate is 0 in >= 1 leave-one-out set (tau beyond the ensemble support)
hYAP65_peptide_FunctioncalScore_1JMQ,TR1,200,200,0.0,3.9661117212632204,1.0000325248912716,0.9834533769985472,0.8557218353970725,1.279039264659193,0.08066840096207922,1.0,0.004976922319240754,1.0,1.0,True,True,True,
hYAP65_peptide_FunctioncalScore_1JMQ,TR2,200,200,0.0,2.96357852244764,1.000022571204581,0.9859232252185123,0.8950095602238292,1.2941045990605546,0.0672014264400756,1.0,0.004997136959481563,1.0,1.0,True,True,True,
hYAP65_peptide_FunctioncalScore_1JMQ,TR1_mad,200,200,0.0,3.2931397071614845,1.0000055181212149,0.9974112200462274,0.9231921698219963,1.1149102785631149,0.03322174859181291,1.0,0.004991436895935175,1.0,1.0,True,True,True,
hYAP65_peptide_FunctioncalScore_1JMQ,TR2_mad,200,200,0.0,2.702261419489491,1.0000027794237807,1.000779785666019,0.9501493871458303,1.0681058771185916,0.023577414573768555,1.0,0.004992250937542797,1.0,1.0,True,True,True,
