DMS_id,null,B,from_cache,wall_s,s_per_rep,core_s
5A12_VEGF_fitness_4ZFF,N1,200,True,0.0,15.388,3077.7
5A12_VEGF_fitness_4ZFF,N2,200,True,0.0,0.109,21.8
5A12_VEGF_fitness_4ZFF,N2b,200,True,0.0,17.036,3407.1
5A12_VEGF_fitness_4ZFF,N2c,200,True,0.0,15.352,3070.5
CD19_FMC63_Fitness_7URV,N1,200,True,0.0,2.191,438.3
CD19_FMC63_Fitness_7URV,N2,200,True,0.0,0.08,16.1
CD19_FMC63_Fitness_7URV,N2b,200,True,0.0,2.222,444.4
CD19_FMC63_Fitness_7URV,N2c,200,True,0.0,2.141,428.2
CR6261_FluAH1_logKd_3GBN,N1,200,True,0.0,0.796,159.1
CR6261_FluAH1_logKd_3GBN,N2,200,True,0.0,0.081,16.1
CR6261_FluAH1_logKd_3GBN,N2b,200,True,0.0,0.927,185.3
CR6261_FluAH1_logKd_3GBN,N2c,200,True,0.0,0.794,158.8
CR9114_FluAH1_logKd_4FQI,N1,200,True,0.0,16.272,3254.3
CR9114_FluAH1_logKd_4FQI,N2,200,True,0.0,1.28,256.0
CR9114_FluAH1_logKd_4FQI,N2b,200,True,0.0,18.729,3745.7
CR9114_FluAH1_logKd_4FQI,N2c,200,True,0.0,16.309,3261.9
CR9114_FluAH3_logKd_4FQY,N1,200,True,0.0,13.769,2753.8
CR9114_FluAH3_logKd_4FQY,N2,200,True,0.0,0.235,47.0
CR9114_FluAH3_logKd_4FQY,N2b,200,True,0.0,17.203,3440.7
CR9114_FluAH3_logKd_4FQY,N2c,200,True,0.0,13.684,2736.7
GB1_IgG-Fc_fitness_1FCC,N1,200,True,0.0,23.822,4764.4
GB1_IgG-Fc_fitness_1FCC,N2,200,True,0.0,0.584,116.8
GB1_IgG-Fc_fitness_1FCC,N2b,200,True,0.0,25.009,5001.7
GB1_IgG-Fc_fitness_1FCC,N2c,200,True,0.0,23.805,4760.9
GB1_IgG-Fc_fitness_1FCC_2016,N1,200,True,0.0,3.706,741.2
GB1_IgG-Fc_fitness_1FCC_2016,N2,200,True,0.0,0.207,41.4
GB1_IgG-Fc_fitness_1FCC_2016,N2b,200,True,0.0,4.635,927.0
GB1_IgG-Fc_fitness_1FCC_2016,N2c,200,True,0.0,3.76,752.1
KRAS_PICK3CG-RBD_norfitness_1HE8,N1,200,True,0.0,2.543,508.6
KRAS_PICK3CG-RBD_norfitness_1HE8,N2,200,True,0.0,0.152,30.3
KRAS_PICK3CG-RBD_norfitness_1HE8,N2b,200,True,0.0,2.759,551.7
KRAS_PICK3CG-RBD_norfitness_1HE8,N2c,200,True,0.0,2.512,502.5
KRAS_RAF1-RBD_norfitness_6VJJ,N1,200,True,0.0,3.124,624.7
KRAS_RAF1-RBD_norfitness_6VJJ,N2,200,True,0.0,0.167,33.4
KRAS_RAF1-RBD_norfitness_6VJJ,N2b,200,True,0.0,3.375,675.0
KRAS_RAF1-RBD_norfitness_6VJJ,N2c,200,True,0.0,3.051,610.2
KRAS_RAF1_norfitness_6VJJ,N1,200,True,0.0,1.651,330.1
KRAS_RAF1_norfitness_6VJJ,N2,200,True,0.0,0.131,26.2
KRAS_RAF1_norfitness_6VJJ,N2b,200,True,0.0,1.747,349.4
KRAS_RAF1_norfitness_6VJJ,N2c,200,True,0.0,1.615,322.9
KRAS_RALGDS-RBD_norfitness_1LFD,N1,200,True,0.0,2.834,566.8
KRAS_RALGDS-RBD_norfitness_1LFD,N2,200,True,0.0,0.16,32.0
KRAS_RALGDS-RBD_norfitness_1LFD,N2b,200,True,0.0,2.929,585.9
KRAS_RALGDS-RBD_norfitness_1LFD,N2c,200,True,0.0,2.745,548.9
KRAS_SOS1_norfitness_8BE4,N1,200,True,0.0,2.639,527.9
KRAS_SOS1_norfitness_8BE4,N2,200,True,0.0,0.154,30.8
KRAS_SOS1_norfitness_8BE4,N2b,200,True,0.0,2.791,558.2
KRAS_SOS1_norfitness_8BE4,N2c,200,True,0.0,2.54,507.9
SARS2-RBD_ACE2_deltaKd_6M0J,N1,200,True,0.0,5.189,1037.9
SARS2-RBD_ACE2_deltaKd_6M0J,N2,200,True,0.0,0.128,25.6
SARS2-RBD_ACE2_deltaKd_6M0J,N2b,200,True,0.0,5.369,1073.8
SARS2-RBD_ACE2_deltaKd_6M0J,N2c,200,True,0.0,5.103,1020.7
Z-domain_ZSPA-1_LL1_fitness_1LP1,N1,200,True,0.0,25.784,5156.9
Z-domain_ZSPA-1_LL1_fitness_1LP1,N2,200,True,0.0,0.21,42.1
Z-domain_ZSPA-1_LL1_fitness_1LP1,N2b,200,True,0.0,28.14,5628.0
Z-domain_ZSPA-1_LL1_fitness_1LP1,N2c,200,True,0.0,25.878,5175.6
Z-domain_ZSPA-1_LL2_fitness_1LP1,N1,200,True,0.0,1.788,357.7
Z-domain_ZSPA-1_LL2_fitness_1LP1,N2,200,True,0.0,0.117,23.3
Z-domain_ZSPA-1_LL2_fitness_1LP1,N2b,200,True,0.0,2.224,444.7
Z-domain_ZSPA-1_LL2_fitness_1LP1,N2c,200,True,0.0,1.794,358.7
Z-domain_ZpA963_HL1_fitness_2M5A,N1,200,True,0.0,1.004,200.7
Z-domain_ZpA963_HL1_fitness_2M5A,N2,200,True,0.0,0.113,22.5
Z-domain_ZpA963_HL1_fitness_2M5A,N2b,200,True,0.0,1.216,243.2
Z-domain_ZpA963_HL1_fitness_2M5A,N2c,200,True,0.0,1.005,201.1
hYAP65_peptide_FunctioncalScore_1JMQ,N1,200,True,0.0,3.505,701.1
hYAP65_peptide_FunctioncalScore_1JMQ,N2,200,True,0.0,0.144,28.8
hYAP65_peptide_FunctioncalScore_1JMQ,N2b,200,True,0.0,4.155,831.0
hYAP65_peptide_FunctioncalScore_1JMQ,N2c,200,True,0.0,3.591,718.1
