DMS_id,sigma_y,sigma_eps,provenance,source_partner,n_source,r_source,slope_source,resid_sd_source,sigma_over_mad,caveat,upstream_SE_obtained,verdict_stamp
4D5_HER2_fitness_1N8Z,0.0951773,,internal_residual,4D5_HER2_fitness_1N8Z,2080,,,,7.62251,"assay's own cross-fitted residual MAD per phi-decile; conservative (attributes all epistasis to noise). median over 20 equal-count phi bins; range 0.0458-1.4008 (30.6x), so a scalar sigma is a summary only. sigma_over_mad is against 1.4826*MAD(latent z) = 0.0125 -- sigma lives on the LATENT scale here, y does not",False,conditional
4D5_HER2_fitness_1N8Z,0.0173245,,stipulated,GB1_IgG-Fc_fitness_1FCC vs GB1_IgG-Fc_fitness_1FCC_2016,160,,,,0.2,"imported from the GB1 ratio; never primary; sigma = 0.20 * 1.4826*MAD(y) = 0.0173. NOTE the ratio actually measured on GB1_IgG-Fc_fitness_1FCC is 0.1187, so the stipulated 0.20 is 1.69x that -- conservative.",False,conditional
5A12_Ang2_fitness_4ZFG,0.100098,,internal_residual,5A12_Ang2_fitness_4ZFG,944,,,,0.832304,"assay's own cross-fitted residual MAD per phi-decile; conservative (attributes all epistasis to noise). median over 20 equal-count phi bins; range 0.0668-0.1161 (1.7x), so a scalar sigma is a summary only. sigma_over_mad is against 1.4826*MAD(latent z) = 0.1203 -- sigma lives on the LATENT scale here, y does not",False,conditional
5A12_Ang2_fitness_4ZFG,0.0153606,,stipulated,GB1_IgG-Fc_fitness_1FCC vs GB1_IgG-Fc_fitness_1FCC_2016,160,,,,0.2,"imported from the GB1 ratio; never primary; sigma = 0.20 * 1.4826*MAD(y) = 0.0154. NOTE the ratio actually measured on GB1_IgG-Fc_fitness_1FCC is 0.1187, so the stipulated 0.20 is 1.69x that -- conservative.",False,conditional
5A12_VEGF_fitness_4ZFF,0.632529,,internal_residual,5A12_VEGF_fitness_4ZFF,29981,,,,0.60953,"assay's own cross-fitted residual MAD per phi-decile; conservative (attributes all epistasis to noise). median over 20 equal-count phi bins; range 0.2474-1.0502 (4.2x), so a scalar sigma is a summary only. sigma_over_mad is against 1.4826*MAD(latent z) = 1.0377 -- sigma lives on the LATENT scale here, y does not",False,conditional
5A12_VEGF_fitness_4ZFF,0.0623935,,stipulated,GB1_IgG-Fc_fitness_1FCC vs GB1_IgG-Fc_fitness_1FCC_2016,160,,,,0.2,"imported from the GB1 ratio; never primary; sigma = 0.20 * 1.4826*MAD(y) = 0.0624. NOTE the ratio actually measured on GB1_IgG-Fc_fitness_1FCC is 0.1187, so the stipulated 0.20 is 1.69x that -- conservative.",False,conditional
ACE2_SARS2-RBD_enrich_6M17,,,internal_residual,ACE2_SARS2-RBD_enrich_6M17,2186,,,,,"assay's own cross-fitted residual MAD per phi-decile; conservative (attributes all epistasis to noise). saturated additive design (n=2186, M=2185): e == 0 by construction, no internal residual scale exists",False,conditional
ACE2_SARS2-RBD_enrich_6M17,0.157461,,stipulated,GB1_IgG-Fc_fitness_1FCC vs GB1_IgG-Fc_fitness_1FCC_2016,160,,,,0.2,"imported from the GB1 ratio; never primary; sigma = 0.20 * 1.4826*MAD(y) = 0.1575. NOTE the ratio actually measured on GB1_IgG-Fc_fitness_1FCC is 0.1187, so the stipulated 0.20 is 1.69x that -- conservative.",False,conditional
BH3_Bcl-xL_normed_1PQ1,0.0354262,,internal_residual,BH3_Bcl-xL_normed_1PQ1,518,,,,0.119302,"assay's own cross-fitted residual MAD per phi-decile; conservative (attributes all epistasis to noise). median over 20 equal-count phi bins; range 0.0019-0.2099 (110.2x), so a scalar sigma is a summary only. sigma_over_mad is against 1.4826*MAD(latent z) = 0.2969 -- sigma lives on the LATENT scale here, y does not",False,conditional
BH3_Bcl-xL_normed_1PQ1,0.0192082,,stipulated,GB1_IgG-Fc_fitness_1FCC vs GB1_IgG-Fc_fitness_1FCC_2016,160,,,,0.2,"imported from the GB1 ratio; never primary; sigma = 0.20 * 1.4826*MAD(y) = 0.0192. NOTE the ratio actually measured on GB1_IgG-Fc_fitness_1FCC is 0.1187, so the stipulated 0.20 is 1.69x that -- conservative.",False,conditional
BH3_Mcl-1_normed_3KZ0,0.117955,,internal_residual,BH3_Mcl-1_normed_3KZ0,518,,,,0.200917,"assay's own cross-fitted residual MAD per phi-decile; conservative (attributes all epistasis to noise). median over 20 equal-count phi bins; range 0.0056-0.3361 (59.7x), so a scalar sigma is a summary only. sigma_over_mad is against 1.4826*MAD(latent z) = 0.5871 -- sigma lives on the LATENT scale here, y does not",False,conditional
BH3_Mcl-1_normed_3KZ0,0.0238071,,stipulated,GB1_IgG-Fc_fitness_1FCC vs GB1_IgG-Fc_fitness_1FCC_2016,160,,,,0.2,"imported from the GB1 ratio; never primary; sigma = 0.20 * 1.4826*MAD(y) = 0.0238. NOTE the ratio actually measured on GB1_IgG-Fc_fitness_1FCC is 0.1187, so the stipulated 0.20 is 1.69x that -- conservative.",False,conditional
CD19_FMC63_Fitness_7URV,1.88239,,internal_residual,CD19_FMC63_Fitness_7URV,3886,,,,0.284278,"assay's own cross-fitted residual MAD per phi-decile; conservative (attributes all epistasis to noise). median over 20 equal-count phi bins; range 0.0010-2.7662 (2647.9x), so a scalar sigma is a summary only. sigma_over_mad is against 1.4826*MAD(latent z) = 6.6217 -- sigma lives on the LATENT scale here, y does not",False,conditional
CD19_FMC63_Fitness_7URV,1.00539,,stipulated,GB1_IgG-Fc_fitness_1FCC vs GB1_IgG-Fc_fitness_1FCC_2016,160,,,,0.2,"imported from the GB1 ratio; never primary; sigma = 0.20 * 1.4826*MAD(y) = 1.0054. NOTE the ratio actually measured on GB1_IgG-Fc_fitness_1FCC is 0.1187, so the stipulated 0.20 is 1.69x that -- conservative.",False,conditional
CR6261_FluAH1_logKd_3GBN,0.232343,,internal_residual,CR6261_FluAH1_logKd_3GBN,1673,,,,0.413551,"assay's own cross-fitted residual MAD per phi-decile; conservative (attributes all epistasis to noise). median over 20 equal-count phi bins; range 0.1474-0.4045 (2.7x), so a scalar sigma is a summary only. sigma_over_mad is against 1.4826*MAD(latent z) = 0.5618 -- sigma lives on the LATENT scale here, y does not",False,conditional
CR6261_FluAH1_logKd_3GBN,0.062985,,stipulated,GB1_IgG-Fc_fitness_1FCC vs GB1_IgG-Fc_fitness_1FCC_2016,160,,,,0.2,"imported from the GB1 ratio; never primary; sigma = 0.20 * 1.4826*MAD(y) = 0.0630. NOTE the ratio actually measured on GB1_IgG-Fc_fitness_1FCC is 0.1187, so the stipulated 0.20 is 1.69x that -- conservative.",False,conditional
CR9114_FluAH1_logKd_4FQI,0.25941,,internal_residual,CR9114_FluAH1_logKd_4FQI,63419,,,,0.361851,"assay's own cross-fitted residual MAD per phi-decile; conservative (attributes all epistasis to noise). median over 20 equal-count phi bins; range 0.0787-0.4796 (6.1x), so a scalar sigma is a summary only. sigma_over_mad is against 1.4826*MAD(latent z) = 0.7169 -- sigma lives on the LATENT scale here, y does not",False,conditional
CR9114_FluAH1_logKd_4FQI,0.0439671,,stipulated,GB1_IgG-Fc_fitness_1FCC vs GB1_IgG-Fc_fitness_1FCC_2016,160,,,,0.2,"imported from the GB1 ratio; never primary; sigma = 0.20 * 1.4826*MAD(y) = 0.0440. NOTE the ratio actually measured on GB1_IgG-Fc_fitness_1FCC is 0.1187, so the stipulated 0.20 is 1.69x that -- conservative.",False,conditional
CR9114_FluAH3_logKd_4FQY,0.290896,,internal_residual,CR9114_FluAH3_logKd_4FQY,7174,,,,0.429524,"assay's own cross-fitted residual MAD per phi-decile; conservative (attributes all epistasis to noise). median over 20 equal-count phi bins; range 0.1994-0.6952 (3.5x), so a scalar sigma is a summary only. sigma_over_mad is against 1.4826*MAD(latent z) = 0.6773 -- sigma lives on the LATENT scale here, y does not",False,conditional
CR9114_FluAH3_logKd_4FQY,0.12286,,stipulated,GB1_IgG-Fc_fitness_1FCC vs GB1_IgG-Fc_fitness_1FCC_2016,160,,,,0.2,"imported from the GB1 ratio; never primary; sigma = 0.20 * 1.4826*MAD(y) = 0.1229. NOTE the ratio actually measured on GB1_IgG-Fc_fitness_1FCC is 0.1187, so the stipulated 0.20 is 1.69x that -- conservative.",False,conditional
CXCR4_CXCL12_enrich_8U4O,,,internal_residual,CXCR4_CXCL12_enrich_8U4O,5585,,,,,"assay's own cross-fitted residual MAD per phi-decile; conservative (attributes all epistasis to noise). saturated additive design (n=5585, M=5584): e == 0 by construction, no internal residual scale exists",False,conditional
CXCR4_CXCL12_enrich_8U4O,0.234882,,stipulated,GB1_IgG-Fc_fitness_1FCC vs GB1_IgG-Fc_fitness_1FCC_2016,160,,,,0.2,"imported from the GB1 ratio; never primary; sigma = 0.20 * 1.4826*MAD(y) = 0.2349. NOTE the ratio actually measured on GB1_IgG-Fc_fitness_1FCC is 0.1187, so the stipulated 0.20 is 1.69x that -- conservative.",False,conditional
GB1_IgG-Fc_fitness_1FCC,0.128109,,cross_study_contaminated,GB1_IgG-Fc_fitness_1FCC vs GB1_IgG-Fc_fitness_1FCC_2016,160,0.978913,1.0156,0.182592,0.118673,"NOT a replicate. chain-C pos 2 WT differs (Q vs T) => two backgrounds, not two measurements; verified here: wildtype_sequence differs at C2 Q->T.",False,conditional
GB1_IgG-Fc_fitness_1FCC,0.215902,,stipulated,GB1_IgG-Fc_fitness_1FCC vs GB1_IgG-Fc_fitness_1FCC_2016,160,,,,0.2,"imported from the GB1 ratio; never primary; sigma = 0.20 * 1.4826*MAD(y) = 0.2159. NOTE the ratio actually measured on GB1_IgG-Fc_fitness_1FCC is 0.1187, so the stipulated 0.20 is 1.69x that -- conservative.",False,conditional
GB1_IgG-Fc_fitness_1FCC_2016,0.128109,,cross_study_contaminated,GB1_IgG-Fc_fitness_1FCC vs GB1_IgG-Fc_fitness_1FCC_2016,160,0.978913,1.0156,0.182592,0.299735,"NOT a replicate. chain-C pos 2 WT differs (Q vs T) => two backgrounds, not two measurements; verified here: wildtype_sequence differs at C2 Q->T.",False,conditional
GB1_IgG-Fc_fitness_1FCC_2016,0.0854818,,stipulated,GB1_IgG-Fc_fitness_1FCC vs GB1_IgG-Fc_fitness_1FCC_2016,160,,,,0.2,"imported from the GB1 ratio; never primary; sigma = 0.20 * 1.4826*MAD(y) = 0.0855. NOTE the ratio actually measured on GB1_IgG-Fc_fitness_1FCC is 0.1187, so the stipulated 0.20 is 1.69x that -- conservative.",False,conditional
HLA-A2_TAPBPR_meanscore_5WER,,,internal_residual,HLA-A2_TAPBPR_meanscore_5WER,3344,,,,,"assay's own cross-fitted residual MAD per phi-decile; conservative (attributes all epistasis to noise). saturated additive design (n=3344, M=3344): e == 0 by construction, no internal residual scale exists",False,conditional
HLA-A2_TAPBPR_meanscore_5WER,0.191601,,stipulated,GB1_IgG-Fc_fitness_1FCC vs GB1_IgG-Fc_fitness_1FCC_2016,160,,,,0.2,"imported from the GB1 ratio; never primary; sigma = 0.20 * 1.4826*MAD(y) = 0.1916. NOTE the ratio actually measured on GB1_IgG-Fc_fitness_1FCC is 0.1187, so the stipulated 0.20 is 1.69x that -- conservative.",False,conditional
KRAS_DARPinK27_norfitness_5O2S,0.147891,0.124313,measured_replicate,KRAS_RAF1_norfitness_6VJJ vs KRAS_RAF1-RBD_norfitness_6VJJ,10868,0.812088,0.64445,0.147891,0.210776,"UPPER BOUND. upper bound; different construct (full RAF1 vs RBD-only) and different library (63 vs 166 positions); affine alignment only valid if the construct effect is affine in eps. sigma_y is the eps-level residual sd (the spec's 0.148); the y-level join over 12086 shared canonical keys gives resid_sd 0.1450 and a deconvolved 0.1187. sigma imported from the RAF1/RAF1-RBD twin, not measured on this file. EXCLUDED: its score table is byte-identical to KRAS_SOS1_8BE4 (G2, 19,227 shared keys, max|delta| = 0 on the raw strings); retained for structure only.",False,conditional
KRAS_DARPinK27_norfitness_5O2S,0.117957,,stipulated,GB1_IgG-Fc_fitness_1FCC vs GB1_IgG-Fc_fitness_1FCC_2016,160,,,,0.2,"imported from the GB1 ratio; never primary; sigma = 0.20 * 1.4826*MAD(y) = 0.1180. NOTE the ratio actually measured on GB1_IgG-Fc_fitness_1FCC is 0.1187, so the stipulated 0.20 is 1.69x that -- conservative.",False,conditional
KRAS_PICK3CG-RBD_norfitness_1HE8,0.147891,0.124313,measured_replicate,KRAS_RAF1_norfitness_6VJJ vs KRAS_RAF1-RBD_norfitness_6VJJ,10868,0.812088,0.64445,0.147891,0.181064,"UPPER BOUND. upper bound; different construct (full RAF1 vs RBD-only) and different library (63 vs 166 positions); affine alignment only valid if the construct effect is affine in eps. sigma_y is the eps-level residual sd (the spec's 0.148); the y-level join over 12086 shared canonical keys gives resid_sd 0.1450 and a deconvolved 0.1187. sigma imported from the RAF1/RAF1-RBD twin, not measured on this file.",False,conditional
KRAS_PICK3CG-RBD_norfitness_1HE8,0.137314,,stipulated,GB1_IgG-Fc_fitness_1FCC vs GB1_IgG-Fc_fitness_1FCC_2016,160,,,,0.2,"imported from the GB1 ratio; never primary; sigma = 0.20 * 1.4826*MAD(y) = 0.1373. NOTE the ratio actually measured on GB1_IgG-Fc_fitness_1FCC is 0.1187, so the stipulated 0.20 is 1.69x that -- conservative.",False,conditional
KRAS_RAF1-RBD_norfitness_6VJJ,0.147891,0.124313,measured_replicate,KRAS_RAF1_norfitness_6VJJ vs KRAS_RAF1-RBD_norfitness_6VJJ,10868,0.812088,0.64445,0.147891,0.267166,UPPER BOUND. upper bound; different construct (full RAF1 vs RBD-only) and different library (63 vs 166 positions); affine alignment only valid if the construct effect is affine in eps. sigma_y is the eps-level residual sd (the spec's 0.148); the y-level join over 12086 shared canonical keys gives resid_sd 0.1450 and a deconvolved 0.1187.,False,conditional
KRAS_RAF1-RBD_norfitness_6VJJ,0.0930602,,stipulated,GB1_IgG-Fc_fitness_1FCC vs GB1_IgG-Fc_fitness_1FCC_2016,160,,,,0.2,"imported from the GB1 ratio; never primary; sigma = 0.20 * 1.4826*MAD(y) = 0.0931. NOTE the ratio actually measured on GB1_IgG-Fc_fitness_1FCC is 0.1187, so the stipulated 0.20 is 1.69x that -- conservative.",False,conditional
KRAS_RAF1_norfitness_6VJJ,0.147891,0.124313,measured_replicate,KRAS_RAF1_norfitness_6VJJ vs KRAS_RAF1-RBD_norfitness_6VJJ,10868,0.812088,0.64445,0.147891,0.279836,UPPER BOUND. upper bound; different construct (full RAF1 vs RBD-only) and different library (63 vs 166 positions); affine alignment only valid if the construct effect is affine in eps. sigma_y is the eps-level residual sd (the spec's 0.148); the y-level join over 12086 shared canonical keys gives resid_sd 0.1450 and a deconvolved 0.1187.,False,conditional
KRAS_RAF1_norfitness_6VJJ,0.0888466,,stipulated,GB1_IgG-Fc_fitness_1FCC vs GB1_IgG-Fc_fitness_1FCC_2016,160,,,,0.2,"imported from the GB1 ratio; never primary; sigma = 0.20 * 1.4826*MAD(y) = 0.0888. NOTE the ratio actually measured on GB1_IgG-Fc_fitness_1FCC is 0.1187, so the stipulated 0.20 is 1.69x that -- conservative.",False,conditional
KRAS_RALGDS-RBD_norfitness_1LFD,0.147891,0.124313,measured_replicate,KRAS_RAF1_norfitness_6VJJ vs KRAS_RAF1-RBD_norfitness_6VJJ,10868,0.812088,0.64445,0.147891,0.2122,"UPPER BOUND. upper bound; different construct (full RAF1 vs RBD-only) and different library (63 vs 166 positions); affine alignment only valid if the construct effect is affine in eps. sigma_y is the eps-level residual sd (the spec's 0.148); the y-level join over 12086 shared canonical keys gives resid_sd 0.1450 and a deconvolved 0.1187. sigma imported from the RAF1/RAF1-RBD twin, not measured on this file.",False,conditional
KRAS_RALGDS-RBD_norfitness_1LFD,0.117165,,stipulated,GB1_IgG-Fc_fitness_1FCC vs GB1_IgG-Fc_fitness_1FCC_2016,160,,,,0.2,"imported from the GB1 ratio; never primary; sigma = 0.20 * 1.4826*MAD(y) = 0.1172. NOTE the ratio actually measured on GB1_IgG-Fc_fitness_1FCC is 0.1187, so the stipulated 0.20 is 1.69x that -- conservative.",False,conditional
KRAS_SOS1_norfitness_8BE4,0.147891,0.124313,measured_replicate,KRAS_RAF1_norfitness_6VJJ vs KRAS_RAF1-RBD_norfitness_6VJJ,10868,0.812088,0.64445,0.147891,0.210996,"UPPER BOUND. upper bound; different construct (full RAF1 vs RBD-only) and different library (63 vs 166 positions); affine alignment only valid if the construct effect is affine in eps. sigma_y is the eps-level residual sd (the spec's 0.148); the y-level join over 12086 shared canonical keys gives resid_sd 0.1450 and a deconvolved 0.1187. sigma imported from the RAF1/RAF1-RBD twin, not measured on this file.",False,conditional
KRAS_SOS1_norfitness_8BE4,0.117834,,stipulated,GB1_IgG-Fc_fitness_1FCC vs GB1_IgG-Fc_fitness_1FCC_2016,160,,,,0.2,"imported from the GB1 ratio; never primary; sigma = 0.20 * 1.4826*MAD(y) = 0.1178. NOTE the ratio actually measured on GB1_IgG-Fc_fitness_1FCC is 0.1187, so the stipulated 0.20 is 1.69x that -- conservative.",False,conditional
PSD95_CRIPT_1BE9,,,internal_residual,PSD95_CRIPT_1BE9,1577,,,,,"assay's own cross-fitted residual MAD per phi-decile; conservative (attributes all epistasis to noise). saturated additive design (n=1577, M=1576): e == 0 by construction, no internal residual scale exists",False,conditional
PSD95_CRIPT_1BE9,0.0299607,,stipulated,GB1_IgG-Fc_fitness_1FCC vs GB1_IgG-Fc_fitness_1FCC_2016,160,,,,0.2,"imported from the GB1 ratio; never primary; sigma = 0.20 * 1.4826*MAD(y) = 0.0300. NOTE the ratio actually measured on GB1_IgG-Fc_fitness_1FCC is 0.1187, so the stipulated 0.20 is 1.69x that -- conservative.",False,conditional
PSD95_Tm2F_1BE9,,,internal_residual,PSD95_Tm2F_1BE9,1577,,,,,"assay's own cross-fitted residual MAD per phi-decile; conservative (attributes all epistasis to noise). saturated additive design (n=1577, M=1576): e == 0 by construction, no internal residual scale exists",False,conditional
PSD95_Tm2F_1BE9,0.0629571,,stipulated,GB1_IgG-Fc_fitness_1FCC vs GB1_IgG-Fc_fitness_1FCC_2016,160,,,,0.2,"imported from the GB1 ratio; never primary; sigma = 0.20 * 1.4826*MAD(y) = 0.0630. NOTE the ratio actually measured on GB1_IgG-Fc_fitness_1FCC is 0.1187, so the stipulated 0.20 is 1.69x that -- conservative.",False,conditional
SARS2-RBD_ACE2_deltaKd_6M0J,0.586442,,internal_residual,SARS2-RBD_ACE2_deltaKd_6M0J,16656,,,,0.446582,"assay's own cross-fitted residual MAD per phi-decile; conservative (attributes all epistasis to noise). median over 20 equal-count phi bins; range 0.4251-4.5879 (10.8x), so a scalar sigma is a summary only. sigma_over_mad is against 1.4826*MAD(latent z) = 1.3132 -- sigma lives on the LATENT scale here, y does not",False,conditional
SARS2-RBD_ACE2_deltaKd_6M0J,0.192738,,stipulated,GB1_IgG-Fc_fitness_1FCC vs GB1_IgG-Fc_fitness_1FCC_2016,160,,,,0.2,"imported from the GB1 ratio; never primary; sigma = 0.20 * 1.4826*MAD(y) = 0.1927. NOTE the ratio actually measured on GB1_IgG-Fc_fitness_1FCC is 0.1187, so the stipulated 0.20 is 1.69x that -- conservative.",False,conditional
Z-domain_ZSPA-1_LL1_fitness_1LP1,0.113743,,internal_residual,Z-domain_ZSPA-1_LL1_fitness_1LP1,45476,,,,0.637347,"assay's own cross-fitted residual MAD per phi-decile; conservative (attributes all epistasis to noise). median over 20 equal-count phi bins; range 0.0700-0.1848 (2.6x), so a scalar sigma is a summary only. sigma_over_mad is against 1.4826*MAD(latent z) = 0.1785 -- sigma lives on the LATENT scale here, y does not",False,conditional
Z-domain_ZSPA-1_LL1_fitness_1LP1,0.00805728,,stipulated,GB1_IgG-Fc_fitness_1FCC vs GB1_IgG-Fc_fitness_1FCC_2016,160,,,,0.2,"imported from the GB1 ratio; never primary; sigma = 0.20 * 1.4826*MAD(y) = 0.0081. NOTE the ratio actually measured on GB1_IgG-Fc_fitness_1FCC is 0.1187, so the stipulated 0.20 is 1.69x that -- conservative.",False,conditional
Z-domain_ZSPA-1_LL2_fitness_1LP1,0.177073,,internal_residual,Z-domain_ZSPA-1_LL2_fitness_1LP1,5583,,,,0.496272,"assay's own cross-fitted residual MAD per phi-decile; conservative (attributes all epistasis to noise). median over 20 equal-count phi bins; range 0.1282-0.5904 (4.6x), so a scalar sigma is a summary only. sigma_over_mad is against 1.4826*MAD(latent z) = 0.3568 -- sigma lives on the LATENT scale here, y does not",False,conditional
Z-domain_ZSPA-1_LL2_fitness_1LP1,0.0142077,,stipulated,GB1_IgG-Fc_fitness_1FCC vs GB1_IgG-Fc_fitness_1FCC_2016,160,,,,0.2,"imported from the GB1 ratio; never primary; sigma = 0.20 * 1.4826*MAD(y) = 0.0142. NOTE the ratio actually measured on GB1_IgG-Fc_fitness_1FCC is 0.1187, so the stipulated 0.20 is 1.69x that -- conservative.",False,conditional
Z-domain_ZpA963_HL1_fitness_2M5A,0.214855,,internal_residual,Z-domain_ZpA963_HL1_fitness_2M5A,2904,,,,0.368695,"assay's own cross-fitted residual MAD per phi-decile; conservative (attributes all epistasis to noise). median over 20 equal-count phi bins; range 0.1103-0.5923 (5.4x), so a scalar sigma is a summary only. sigma_over_mad is against 1.4826*MAD(latent z) = 0.5827 -- sigma lives on the LATENT scale here, y does not",False,conditional
Z-domain_ZpA963_HL1_fitness_2M5A,0.062464,,stipulated,GB1_IgG-Fc_fitness_1FCC vs GB1_IgG-Fc_fitness_1FCC_2016,160,,,,0.2,"imported from the GB1 ratio; never primary; sigma = 0.20 * 1.4826*MAD(y) = 0.0625. NOTE the ratio actually measured on GB1_IgG-Fc_fitness_1FCC is 0.1187, so the stipulated 0.20 is 1.69x that -- conservative.",False,conditional
Z-domain_ZpA963_HL2_fitness_2M5A,0.438364,,internal_residual,Z-domain_ZpA963_HL2_fitness_2M5A,600,,,,0.552001,"assay's own cross-fitted residual MAD per phi-decile; conservative (attributes all epistasis to noise). median over 20 equal-count phi bins; range 0.1360-1.0924 (8.0x), so a scalar sigma is a summary only. sigma_over_mad is against 1.4826*MAD(latent z) = 0.7941 -- sigma lives on the LATENT scale here, y does not",False,conditional
Z-domain_ZpA963_HL2_fitness_2M5A,0.157401,,stipulated,GB1_IgG-Fc_fitness_1FCC vs GB1_IgG-Fc_fitness_1FCC_2016,160,,,,0.2,"imported from the GB1 ratio; never primary; sigma = 0.20 * 1.4826*MAD(y) = 0.1574. NOTE the ratio actually measured on GB1_IgG-Fc_fitness_1FCC is 0.1187, so the stipulated 0.20 is 1.69x that -- conservative.",False,conditional
hYAP65_peptide_FunctioncalScore_1JMQ,0.416397,,internal_residual,hYAP65_peptide_FunctioncalScore_1JMQ,18407,,,,0.711705,"assay's own cross-fitted residual MAD per phi-decile; conservative (attributes all epistasis to noise). median over 20 equal-count phi bins; range 0.1519-1.0822 (7.1x), so a scalar sigma is a summary only. sigma_over_mad is against 1.4826*MAD(latent z) = 0.5851 -- sigma lives on the LATENT scale here, y does not",False,conditional
hYAP65_peptide_FunctioncalScore_1JMQ,0.0636341,,stipulated,GB1_IgG-Fc_fitness_1FCC vs GB1_IgG-Fc_fitness_1FCC_2016,160,,,,0.2,"imported from the GB1 ratio; never primary; sigma = 0.20 * 1.4826*MAD(y) = 0.0636. NOTE the ratio actually measured on GB1_IgG-Fc_fitness_1FCC is 0.1187, so the stipulated 0.20 is 1.69x that -- conservative.",False,conditional
