DMS_id,h,N_h,exact_or_sampled,V_h,V_h_se,G_h,G_h_se,V_h_over_Vinf,G_h_over_GMD,V_h_N1_mean,V_h_N1_lo,V_h_N1_hi,V_h_N2_mean
4D5_HER2_fitness_1N8Z,1,1045,exact,0.7737572492999961,0.0433067907347674,0.8054770666473507,0.029326102384353438,0.5466170401206498,0.7778066159543968,,,,
4D5_HER2_fitness_1N8Z,1_nested,262,exact,0.7907698626179641,0.08833218207650315,0.818753046062007,0.0589728613609656,0.5586355179378177,0.7906265273455116,,,,
4D5_HER2_fitness_1N8Z,1_samesite,783,exact,0.768064650718505,0.04966688926948443,0.8010347849019613,0.033798905247524436,0.5425955315790179,0.7735169393458757,,,,
4D5_HER2_fitness_1N8Z,1_sampled,1045,exact_enum,0.7737572492999958,0.04330679073476742,0.8054770666473506,0.02932610238435343,0.5466170401206496,0.7778066159543967,,,,
4D5_HER2_fitness_1N8Z,1_nested_sampled,262,exact_enum,0.7907698626179639,0.08833218207650315,0.8187530460620072,0.05897286136096557,0.5586355179378175,0.7906265273455118,,,,
4D5_HER2_fitness_1N8Z,1_samesite_sampled,783,exact_enum,0.7680646507185044,0.049666889269484434,0.8010347849019609,0.03379890524752443,0.5425955315790173,0.7735169393458753,,,,
4D5_HER2_fitness_1N8Z,2,5742,exact_enum,0.1709458805052068,0.008728146276286352,0.33348523601314833,0.006338299740747882,0.12076388467715117,0.3220290603353746,,,,
4D5_HER2_fitness_1N8Z,3,22204,exact_enum,0.15143836647523706,0.004686018476776403,0.2536424987119054,0.0032776835024741547,0.10698289640360563,0.24492915038101104,,,,
4D5_HER2_fitness_1N8Z,4,87305,exact_enum,0.29428108657746577,0.003902386652098092,0.31989957695286164,0.002359933278501656,0.2078934402927911,0.3089101076839043,,,,
4D5_HER2_fitness_1N8Z,5,256157,exact_enum,0.5931348629074449,0.0032854496134680122,0.5117898905317456,0.0018996034745634082,0.4190172349895896,0.49420843785295565,,,,
4D5_HER2_fitness_1N8Z,6,505676,exact_enum,1.054308800092986,0.0030352269759962346,0.8068835697129315,0.0016977609063594014,0.7448113167293138,0.7791648015999825,,,,
4D5_HER2_fitness_1N8Z,7,655001,exact_enum,1.5861124809326062,0.0031019233506594523,1.1451717195784383,0.0016855034600751443,1.1205014368655766,1.1058317819021821,,,,
4D5_HER2_fitness_1N8Z,8,482436,exact_enum,2.0100961400880824,0.0038691417842417726,1.4117988088960947,0.0020497872036861786,1.4200226278292216,1.3632994649079018,,,,
4D5_HER2_fitness_1N8Z,9,146594,exact_enum,2.2924039729178802,0.007260418417589502,1.5856724716122503,0.003758152122092791,1.6194576213286747,1.531200067917943,,,,
4D5_HER2_fitness_1N8Z,random,2162160,closed_form,1.415538105305337,,1.0355749747114213,,1.0,1.0,,,,
5A12_Ang2_fitness_4ZFG,1,5786,exact,0.0044015663090290055,8.48498522887641e-05,0.07439952697765737,0.0007515214437352103,0.7102832324449837,0.8444367377980267,,,,
5A12_Ang2_fitness_4ZFG,1_nested,1332,exact,0.004525118346104038,0.00017378784334824926,0.07547304800196929,0.0015868395785249875,0.7302208942016177,0.856621231820412,,,,
5A12_Ang2_fitness_4ZFG,1_samesite,4454,exact,0.0043646172040932305,9.71958647991801e-05,0.07407848297128478,0.0008531108410184511,0.7043207345869154,0.8407928792354274,,,,
5A12_Ang2_fitness_4ZFG,1_sampled,5786,exact_enum,0.004401566309029015,8.484985228876407e-05,0.07439952697765737,0.0007515214437352125,0.7102832324449853,0.8444367377980267,,,,
5A12_Ang2_fitness_4ZFG,1_nested_sampled,1332,exact_enum,0.00452511834610404,0.00017378784334824924,0.07547304800196923,0.0015868395785249905,0.7302208942016182,0.8566212318204114,,,,
5A12_Ang2_fitness_4ZFG,1_samesite_sampled,4454,exact_enum,0.0043646172040932305,9.719586479918007e-05,0.07407848297128483,0.00085311084101845,0.7043207345869154,0.8407928792354281,,,,
5A12_Ang2_fitness_4ZFG,2,39874,exact_enum,0.004921320116051534,3.655685322296035e-05,0.07881829533928027,0.00030173615066373993,0.7941561967963916,0.8945898838186261,,,,
5A12_Ang2_fitness_4ZFG,3,114108,exact_enum,0.0054566209769307435,2.3516529020500393e-05,0.08321117891969908,0.00018697419952224764,0.8805379979783766,0.9444492368396389,,,,
5A12_Ang2_fitness_4ZFG,4,137386,exact_enum,0.00625742470127957,2.5015274729727147e-05,0.08920089818954019,0.00018214542317268985,1.0097641456607784,1.0124327201495467,,,,
5A12_Ang2_fitness_4ZFG,5,84080,exact_enum,0.007549227568357668,4.179069027058392e-05,0.09669315474980025,0.00026148429431013104,1.218223101334751,1.097470044249629,,,,
5A12_Ang2_fitness_4ZFG,6,40043,exact_enum,0.006767651609028116,5.464064300983873e-05,0.09139480953851031,0.0003597473775416156,1.0920997489147013,1.0373336760803384,,,,
5A12_Ang2_fitness_4ZFG,7,19375,exact_enum,0.006203273098080455,6.459921227140848e-05,0.08818837701293138,0.0004888092896000205,1.001025670976563,1.0009405761257852,,,,
5A12_Ang2_fitness_4ZFG,8,4414,exact_enum,0.006253309346951686,0.00014688194360122026,0.08804809846346924,0.0010378159086216465,1.009100048616808,0.9993484106174424,,,,
5A12_Ang2_fitness_4ZFG,9,30,exact_enum,0.022317503121247067,0.004696463195987651,0.17132274807588635,0.02257101550973469,3.6013880387405335,1.9445180416165857,,,,
5A12_Ang2_fitness_4ZFG,random,445096,closed_form,0.00619691710006675,,0.08810550707642509,,1.0,1.0,,,,
5A12_VEGF_fitness_4ZFF,1,163186,exact,0.06897412557347811,0.0005550406859103706,0.25028127313115345,0.0006793252681992651,0.07454160700848828,0.24988080925888417,,,,
5A12_VEGF_fitness_4ZFF,1_nested,22064,exact,0.09791422138781725,0.0016226767315524325,0.31051207927628705,0.00212263060968759,0.10581770121112308,0.3100152427846962,,,,
5A12_VEGF_fitness_4ZFF,1_samesite,141122,exact,0.06444942868675899,0.0005886386569434854,0.24086436785213086,0.0007087194281193105,0.06965168380383605,0.24047897154886366,,,,
5A12_VEGF_fitness_4ZFF,1_sampled,7250,sampled,0.07003712377543247,0.0027258074281383427,0.25192875306806056,0.003250594660258592,0.07569040873032236,0.25152565313682146,,,,
5A12_VEGF_fitness_4ZFF,1_nested_sampled,973,sampled,0.09927211037400328,0.009083023493637498,0.30659755825085383,0.010365477428724972,0.10728519683107995,0.3061069852092939,,,,
5A12_VEGF_fitness_4ZFF,1_samesite_sampled,6277,sampled,0.065505398116613,0.002811633202183116,0.2434545221547488,0.0033807006417308455,0.07079288940229342,0.24306498146141667,,,,
5A12_VEGF_fitness_4ZFF,2,88013,sampled,0.11214452715335438,0.0011851040936091037,0.2994797834590485,0.001236660791282338,0.12119665456741141,0.29900059925061784,,,,
5A12_VEGF_fitness_4ZFF,3,522626,sampled,0.20878053862010867,0.0007872683374550774,0.37698828866291306,0.000725970067200802,0.2256329707907868,0.3763850865615756,,,,
5A12_VEGF_fitness_4ZFF,4,1773881,sampled,0.44167954812663857,0.000638073942475326,0.5681451750600198,0.0005621506866792574,0.47733121698033243,0.5672361113735154,,,,
5A12_VEGF_fitness_4ZFF,5,4169675,sampled,0.7463980442783056,0.000504217705709273,0.8352139347733545,0.0004367076939849762,0.8066461042587173,0.8338775463080563,,,,
5A12_VEGF_fitness_4ZFF,6,6276270,sampled,0.9999810347950884,0.0004341012977492597,1.0653090198571105,0.00037125902160761124,1.0806979094244447,1.063604466536288,,,,
5A12_VEGF_fitness_4ZFF,7,5302520,sampled,1.1540979267668312,0.0004718953061935572,1.2098605176671489,0.00039906306967441485,1.2472548711722091,1.2079246739591907,,,,
5A12_VEGF_fitness_4ZFF,8,1857167,sampled,1.1280685035392297,0.0007841997269855921,1.1922126981031511,0.0006704352928228514,1.21912439440636,1.1903050918820464,,,,
5A12_VEGF_fitness_4ZFF,9,2598,sampled,1.840449181959606,0.023352334094015804,1.7310819838350906,0.016228894971917766,1.9890073052767907,1.7283121569687436,,,,
5A12_VEGF_fitness_4ZFF,random,449415190,closed_form,0.9253104184569542,,1.0016026195587289,,1.0,1.0,,,,
ACE2_SARS2-RBD_enrich_6M17,1,21850,exact,0.5663079471528767,0.009992028890404174,0.684750299223653,0.005511514562236262,0.47978901710627575,0.5773791638927106,,,,
ACE2_SARS2-RBD_enrich_6M17,1_nested,2185,exact,0.5914596344288084,0.020946540636474362,0.8180858860548043,0.015332392713263952,0.5010981005781806,0.6898072851056509,,,,
ACE2_SARS2-RBD_enrich_6M17,1_samesite,19665,exact,0.5635133152333287,0.010855382051384862,0.6699352340201918,0.005872678307655774,0.477421341164953,0.5648871504246062,,,,
ACE2_SARS2-RBD_enrich_6M17,1_sampled,21850,exact_enum,0.5663079471528732,0.009992028890404181,0.6847502992236554,0.005511514562236221,0.4797890171062728,0.5773791638927126,,,,
ACE2_SARS2-RBD_enrich_6M17,1_nested_sampled,2185,exact_enum,0.5914596344288084,0.020946540636474362,0.8180858860548043,0.015332392713263952,0.5010981005781806,0.6898072851056509,,,,
ACE2_SARS2-RBD_enrich_6M17,1_samesite_sampled,19665,exact_enum,0.5635133152333287,0.010855382051384862,0.6699352340201918,0.005872678307655774,0.477421341164953,0.5648871504246062,,,,
ACE2_SARS2-RBD_enrich_6M17,2,2366355,exact_enum,1.1859966462457638,0.0011913687386559042,1.1905909571135433,0.0006351041319774849,1.0048034255114973,1.00390231612285,,,,
ACE2_SARS2-RBD_enrich_6M17,random,2388205,closed_form,1.180327033262282,,1.1859629547541037,,1.0,1.0,,,,
BH3_Bcl-xL_normed_1PQ1,1,3655,exact,0.058817451484301064,0.0032718081013425903,0.1839657304893786,0.004788024075578621,0.5776160766914066,0.6475917377062786,,,,
BH3_Bcl-xL_normed_1PQ1,1_nested,1371,exact,0.06512311563162973,0.00404865763636338,0.20998384232456027,0.007927139821645238,0.6395407758036386,0.7391800689153589,,,,
BH3_Bcl-xL_normed_1PQ1,1_samesite,2284,exact,0.0550323965167058,0.00463575524742642,0.16834802850775243,0.0059817196103561805,0.5404449897899749,0.5926146789989016,,,,
BH3_Bcl-xL_normed_1PQ1,1_sampled,3655,exact_enum,0.058817451484301175,0.00327180810134259,0.18396573048937873,0.004788024075578626,0.5776160766914077,0.6475917377062792,,,,
BH3_Bcl-xL_normed_1PQ1,1_nested_sampled,1371,exact_enum,0.06512311563162973,0.00404865763636338,0.2099838423245602,0.00792713982164524,0.6395407758036386,0.7391800689153587,,,,
BH3_Bcl-xL_normed_1PQ1,1_samesite_sampled,2284,exact_enum,0.05503239651670574,0.00463575524742642,0.16834802850775232,0.005981719610356177,0.5404449897899744,0.5926146789989012,,,,
BH3_Bcl-xL_normed_1PQ1,2,24365,exact_enum,0.12406492838347709,0.0018421180172076648,0.31299191906866947,0.002482575562339203,1.2183781408310697,1.1017866219893881,,,,
BH3_Bcl-xL_normed_1PQ1,3,33780,exact_enum,0.09459372871024321,0.0012075696421288236,0.2753531896100437,0.0018319582419796222,0.9289565779946379,0.9692916722488696,,,,
BH3_Bcl-xL_normed_1PQ1,4,43397,exact_enum,0.10216966391275555,0.0011638917302114798,0.2918109117812037,0.0016572279809226311,1.0033559587653516,1.0272257498140607,,,,
BH3_Bcl-xL_normed_1PQ1,5,24711,exact_enum,0.09858152312433383,0.0016565431005778892,0.2781082227495062,0.0022020006160568518,0.9681186651981906,0.9789898736121171,,,,
BH3_Bcl-xL_normed_1PQ1,6,3995,exact_enum,0.08309510501710493,0.004630806227440749,0.22598240683937054,0.00536810591920218,0.8160344819607058,0.7954978307473658,,,,
BH3_Bcl-xL_normed_1PQ1,random,133903,closed_form,0.10182793356654526,,0.28407671033755216,,1.0,1.0,,,,
BH3_Mcl-1_normed_3KZ0,1,3655,exact,0.1243860046492286,0.005929651151597854,0.27601194521718503,0.006871687295826492,0.5125783100103701,0.6819692059653603,,,,
BH3_Mcl-1_normed_3KZ0,1_nested,1371,exact,0.2131458308300689,0.013715176276545834,0.38727055225772455,0.01419652573081784,0.878345840118682,0.9568665255018216,,,,
BH3_Mcl-1_normed_3KZ0,1_samesite,2284,exact,0.07110679199864536,0.00435318891025825,0.20922755368803458,0.0065649594807436025,0.2930217059041987,0.5169585995360746,,,,
BH3_Mcl-1_normed_3KZ0,1_sampled,3655,exact_enum,0.12438600464922875,0.005929651151597858,0.27601194521718525,0.006871687295826496,0.5125783100103708,0.6819692059653608,,,,
BH3_Mcl-1_normed_3KZ0,1_nested_sampled,1371,exact_enum,0.21314583083006894,0.013715176276545834,0.3872705522577247,0.01419652573081784,0.8783458401186821,0.956866525501822,,,,
BH3_Mcl-1_normed_3KZ0,1_samesite_sampled,2284,exact_enum,0.07110679199864539,0.004353188910258249,0.20922755368803514,0.006564959480743596,0.2930217059041988,0.516958599536076,,,,
BH3_Mcl-1_normed_3KZ0,2,24365,exact_enum,0.18418802824725955,0.0030543403106680434,0.3644783588299404,0.003109147796104891,0.7590145572193852,0.9005516654984833,,,,
BH3_Mcl-1_normed_3KZ0,3,33780,exact_enum,0.324845430125616,0.0040247903973327755,0.472216556292414,0.003554125115263762,1.3386451478841086,1.1667507711850427,,,,
BH3_Mcl-1_normed_3KZ0,4,43397,exact_enum,0.27485427280617736,0.003190427958263046,0.4383883169905663,0.002870270883117786,1.1326381858748233,1.083168093349363,,,,
BH3_Mcl-1_normed_3KZ0,5,24711,exact_enum,0.1823089749737532,0.0033232149750859557,0.35034388712102654,0.0031286157388596774,0.7512712266568393,0.8656282695545758,,,,
BH3_Mcl-1_normed_3KZ0,6,3995,exact_enum,0.03638131997018291,0.0012973294668573079,0.1680541821282,0.00333826871295538,0.1499226183753667,0.4152275984104433,,,,
BH3_Mcl-1_normed_3KZ0,random,133903,closed_form,0.24266731974420083,,0.4047278715854579,,1.0,1.0,,,,
CD19_FMC63_Fitness_7URV,1,27759,exact,4.368544460383328,0.05456925079560407,2.13093635572988,0.012294932201982198,0.17686939308914468,0.38101688935333705,,,,
CD19_FMC63_Fitness_7URV,1_nested,4540,exact,4.9922295097332405,0.14268565933945637,2.2924502783243903,0.03227473862786678,0.20212054874468602,0.4098959932311897,,,,
CD19_FMC63_Fitness_7URV,1_samesite,23219,exact,4.246595620034967,0.05893947691720117,2.099355615449115,0.01326544930350397,0.17193204666267678,0.3753701719406383,,,,
CD19_FMC63_Fitness_7URV,1_sampled,27759,exact_enum,4.368544460383357,0.05456925079560398,2.1309363557298955,0.012294932201982188,0.17686939308914584,0.3810168893533398,,,,
CD19_FMC63_Fitness_7URV,1_nested_sampled,4540,exact_enum,4.992229509733239,0.1426856593394563,2.2924502783244023,0.03227473862786658,0.20212054874468594,0.40989599323119186,,,,
CD19_FMC63_Fitness_7URV,1_samesite_sampled,23219,exact_enum,4.246595620034957,0.05893947691720119,2.099355615449116,0.01326544930350393,0.1719320466626764,0.37537017194063854,,,,
CD19_FMC63_Fitness_7URV,2,1543110,exact_enum,9.669200102198626,0.013156154570243547,3.2828727733175325,0.0023554154698004178,0.391477200070273,0.5869860772091335,,,,
CD19_FMC63_Fitness_7URV,3,1740972,exact_enum,19.32973225085554,0.020874744723881945,4.59603193714438,0.003173721523427481,0.7826034604405724,0.8217823058631618,,,,
CD19_FMC63_Fitness_7URV,4,2913678,exact_enum,42.481185274842716,0.017424611520792176,8.461928571178582,0.00214117489803943,1.7199370466312345,1.5130145456719999,,,,
CD19_FMC63_Fitness_7URV,5,567408,exact_enum,13.596264743316443,0.02723586815004815,3.841963729922479,0.004680799640642464,0.550472386223283,0.6869529751309791,,,,
CD19_FMC63_Fitness_7URV,6,755628,exact_enum,8.282153089634827,0.01636568735904458,2.9848254671736196,0.003182893215401698,0.3353197852784492,0.5336944539460826,,,,
CD19_FMC63_Fitness_7URV,random,7548555,closed_form,24.699267544732965,,5.592760886128988,,1.0,1.0,,,,
CR6261_FluAH1_logKd_3GBN,1,9860,exact,0.16566813796673574,0.003996711019779463,0.32704895994121075,0.004770336563226409,0.25790077738703104,0.3941246830558486,,,,
CR6261_FluAH1_logKd_3GBN,1_nested,9860,exact,0.16566813796673574,0.003996711019779463,0.32704895994121075,0.004770336563226409,0.25790077738703104,0.3941246830558486,,,,
CR6261_FluAH1_logKd_3GBN,1_samesite,0,exact,,,,,,,,,,
CR6261_FluAH1_logKd_3GBN,1_sampled,9860,exact_enum,0.16566813796673532,0.003996711019779464,0.3270489599412107,0.0047703365632264004,0.2579007773870304,0.3941246830558485,,,,
CR6261_FluAH1_logKd_3GBN,1_nested_sampled,9860,exact_enum,0.16566813796673532,0.003996711019779464,0.3270489599412107,0.0047703365632264004,0.2579007773870304,0.3941246830558485,,,,
CR6261_FluAH1_logKd_3GBN,1_samesite_sampled,0,exact_enum,,,,,,,,,,
CR6261_FluAH1_logKd_3GBN,2,48558,exact_enum,0.3033378822247011,0.002587746132237308,0.5082933963715992,0.002678272813299238,0.4722155786672388,0.6125412347446333,,,,
CR6261_FluAH1_logKd_3GBN,3,144446,exact_enum,0.42141038013188536,0.0018519997902466505,0.6363540219062024,0.0017410930324498137,0.6560227329699305,0.7668663041771484,,,,
CR6261_FluAH1_logKd_3GBN,4,287536,exact_enum,0.5250053224248115,0.0015177559596779799,0.7344071132607344,0.0013326572366392279,0.8172922231604629,0.8850294793778822,,,,
CR6261_FluAH1_logKd_3GBN,5,401487,exact_enum,0.6161877332809217,0.0014283377563288474,0.8129791016877923,0.0011930255496708888,0.9592387370310796,0.9797160976794618,,,,
CR6261_FluAH1_logKd_3GBN,6,400843,exact_enum,0.6965675095109286,0.0015492867437161726,0.8782913396749098,0.0012454234036001464,1.0843684513523495,1.0584234725659865,,,,
CR6261_FluAH1_logKd_3GBN,7,285964,exact_enum,0.7665854372295555,0.001951268166156622,0.9338416378969242,0.0015204824144667084,1.1933675516699291,1.1253667940929677,,,,
CR6261_FluAH1_logKd_3GBN,8,142830,exact_enum,0.8260053203466584,0.0028938347796165073,0.9821060761553432,0.0021939149005822433,1.28586834413507,1.1835299707466629,,,,
CR6261_FluAH1_logKd_3GBN,9,47552,exact_enum,0.8746518429285735,0.005190509442464817,1.0252222558429755,0.003831886926679189,1.3615979089447543,1.2354890127721192,,,,
CR6261_FluAH1_logKd_3GBN,10,9502,exact_enum,0.9125520120884211,0.011873474663151416,1.0654858083470682,0.008520556052011517,1.4205982889175606,1.2840103713853084,,,,
CR6261_FluAH1_logKd_3GBN,11,863,exact_enum,0.9364699499072406,0.039666939420393406,1.1048255831958025,0.02749276383318308,1.4578320915827827,1.3314184912476463,,,,
CR6261_FluAH1_logKd_3GBN,random,1779441,closed_form,0.6423716114593869,,0.8298109050299369,,1.0,1.0,,,,
CR9114_FluAH1_logKd_4FQI,1,517544,exact,0.08261545364843734,0.0003703034707168715,0.20646638325716898,0.00048671652829840523,0.2020560859552949,0.32384297925003747,,,,
CR9114_FluAH1_logKd_4FQI,1_nested,517544,exact,0.08261545364843734,0.0003703034707168715,0.20646638325716898,0.00048671652829840523,0.2020560859552949,0.32384297925003747,,,,
CR9114_FluAH1_logKd_4FQI,1_samesite,0,exact,,,,,,,,,,
CR9114_FluAH1_logKd_4FQI,1_sampled,4880,sampled,0.07631239688188547,0.003541909285341836,0.19909799940534254,0.004811716838480996,0.18664043520763848,0.31228565286503873,,,,
CR9114_FluAH1_logKd_4FQI,1_nested_sampled,4880,sampled,0.07631239688188547,0.003541909285341836,0.19909799940534254,0.004811716838480996,0.18664043520763848,0.31228565286503873,,,,
CR9114_FluAH1_logKd_4FQI,1_samesite_sampled,0,sampled,,,,,,,,,,
CR9114_FluAH1_logKd_4FQI,2,36881,sampled,0.14598077037806925,0.0019119313063157269,0.3091963029078371,0.0023074073336672696,0.3570313032819526,0.4849750856634634,,,,
CR9114_FluAH1_logKd_4FQI,3,170606,sampled,0.2021650590150191,0.0010764634592019765,0.3901054716772146,0.0012157113599150294,0.49444357850195764,0.6118812960090138,,,,
CR9114_FluAH1_logKd_4FQI,4,555493,sampled,0.2549288204998907,0.0006869141167382668,0.45976120983021773,0.0007330208659166831,0.6234901267576851,0.7211364755179801,,,,
CR9114_FluAH1_logKd_4FQI,5,1330917,sampled,0.30179351573485885,0.0004908111979397968,0.517486840194215,0.0005022977577605385,0.7381090808453934,0.8116792545469443,,,,
CR9114_FluAH1_logKd_4FQI,6,2447048,sampled,0.34324133471493046,0.00039119226628528517,0.5661300815133876,0.00038672929942366164,0.8394797530943772,0.8879762862509296,,,,
CR9114_FluAH1_logKd_4FQI,7,3491106,sampled,0.38134473270476904,0.0003487139569781389,0.6088650779359138,0.00033507840391324003,0.9326708344165974,0.9550062227538253,,,,
CR9114_FluAH1_logKd_4FQI,8,3928308,sampled,0.41489862118056237,0.00034494417139887575,0.6455350620229556,0.0003242763125077648,1.0147349891793367,1.0125231739807352,,,,
CR9114_FluAH1_logKd_4FQI,9,3490893,sampled,0.44648030271102784,0.0003809027470231531,0.679433083404335,0.0003515096188569583,1.0919756345565006,1.0656922955667607,,,,
CR9114_FluAH1_logKd_4FQI,10,2441760,sampled,0.4749774383227488,0.00047004396173603923,0.7098286100212645,0.0004274287771213943,1.1616722763875111,1.113367746360315,,,,
CR9114_FluAH1_logKd_4FQI,11,1333033,sampled,0.5002044735086753,0.0006505606979451995,0.7373607007675153,0.0005853274985005615,1.223371096218675,1.1565518916511375,,,,
CR9114_FluAH1_logKd_4FQI,12,555452,sampled,0.5241281577197082,0.001025486750590637,0.7641352459030772,0.0009143261909815312,1.2818822558121592,1.1985478249744086,,,,
CR9114_FluAH1_logKd_4FQI,13,171826,sampled,0.5412935907795452,0.0018562430236050771,0.7849444959383429,0.001647622795733918,1.3238644766271372,1.2311871797258578,,,,
CR9114_FluAH1_logKd_4FQI,14,36779,sampled,0.5657806448401566,0.0040475145957833605,0.8138935301084544,0.0035714998035310075,1.3837534935308946,1.2765938039140814,,,,
CR9114_FluAH1_logKd_4FQI,15,4763,sampled,0.5855875952447485,0.011225274148618122,0.8389372905334488,0.009905700806598663,1.432196184295423,1.315874997586915,,,,
CR9114_FluAH1_logKd_4FQI,16,255,sampled,0.5536872776340634,0.04707550885103878,0.8055007719849174,0.04240528368853593,1.3541762372698376,1.2634297442159668,,,,
CR9114_FluAH1_logKd_4FQI,random,2118581871,closed_form,0.40887386914302637,,0.6375509011660783,,1.0,1.0,,,,
CR9114_FluAH3_logKd_4FQY,1,524272,exact,0.03572623381533895,0.00025968989399177743,0.07293003297457791,0.00035516732643877996,0.27468960860735847,0.37042958269375303,,,,
CR9114_FluAH3_logKd_4FQY,1_nested,524272,exact,0.03572623381533895,0.00025968989399177743,0.07293003297457791,0.00035516732643877996,0.27468960860735847,0.37042958269375303,,,,
CR9114_FluAH3_logKd_4FQY,1_samesite,0,exact,,,,,,,,,,
CR9114_FluAH3_logKd_4FQY,1_sampled,4904,sampled,0.03314228223363129,0.0024766083695994083,0.06978446599505288,0.003538839865896964,0.25482228499557324,0.35445247400429336,,,,
CR9114_FluAH3_logKd_4FQY,1_nested_sampled,4904,sampled,0.03314228223363129,0.0024766083695994083,0.06978446599505288,0.003538839865896964,0.25482228499557324,0.35445247400429336,,,,
CR9114_FluAH3_logKd_4FQY,1_samesite_sampled,0,sampled,,,,,,,,,,
CR9114_FluAH3_logKd_4FQY,2,36454,sampled,0.06041826941559559,0.0013316525596438705,0.10924985894603528,0.0017283964017761851,0.46454017135661047,0.5549069156850391,,,,
CR9114_FluAH3_logKd_4FQY,3,170725,sampled,0.08288927548615714,0.0007559442383769708,0.13807905575808693,0.0009270119478526305,0.637313822630369,0.701337500026156,,,,
CR9114_FluAH3_logKd_4FQY,4,555650,sampled,0.09924526507276382,0.0004659012748437751,0.15888612523388457,0.0005583809708918909,0.763070721640587,0.8070217256960712,,,,
CR9114_FluAH3_logKd_4FQY,5,1330907,sampled,0.11273221319515085,0.0003270768825895002,0.17518181147889886,0.00038255474968867904,0.8667683159684736,0.8897915258626659,,,,
CR9114_FluAH3_logKd_4FQY,6,2442729,sampled,0.12151978085927999,0.0002526414567852935,0.18582881914290864,0.0002921614398170272,0.9343336108368605,0.9438702975984626,,,,
CR9114_FluAH3_logKd_4FQY,7,3493484,sampled,0.12848573020607876,0.0002181968398393663,0.194520771132156,0.000250452079372263,0.9878929619159909,0.988018860499749,,,,
CR9114_FluAH3_logKd_4FQY,8,3928502,sampled,0.13340518893585165,0.0002100278652942342,0.20074796004402584,0.00024012136800822935,1.0257173852802353,1.019648285249676,,,,
CR9114_FluAH3_logKd_4FQY,9,3491024,sampled,0.1365675810665564,0.0002251179052091619,0.20530812330850676,0.0002572256563632999,1.0500321860268316,1.0428104765469963,,,,
CR9114_FluAH3_logKd_4FQY,10,2443311,sampled,0.13924871519549942,0.00027171727999996157,0.2088140621822065,0.00031006068030387977,1.070646720665716,1.0606180027603342,,,,
CR9114_FluAH3_logKd_4FQY,11,1332315,sampled,0.14037287900156156,0.00037023081747961225,0.21030373664602464,0.0004213361559862714,1.0792901202889136,1.0681844259124265,,,,
CR9114_FluAH3_logKd_4FQY,12,557409,sampled,0.14061341594342835,0.0005694665668008529,0.2116396331276157,0.0006512824147336692,1.0811395455252404,1.0749697728540675,,,,
CR9114_FluAH3_logKd_4FQY,13,171156,sampled,0.14084196144923844,0.0010391455653991028,0.2104497869840095,0.0011777132087330286,1.0828967717658913,1.0689262515163018,,,,
CR9114_FluAH3_logKd_4FQY,14,36218,sampled,0.14002121707673326,0.002230167616064193,0.21054884144680952,0.002551104587410266,1.0765862843068594,1.0694293735062748,,,,
CR9114_FluAH3_logKd_4FQY,15,4915,sampled,0.137088146317094,0.006117020530683872,0.20491752081845532,0.006873143545460238,1.0540346752246539,1.040826510388098,,,,
CR9114_FluAH3_logKd_4FQY,16,297,sampled,0.18511499365301368,0.02987142968705621,0.25878934575504586,0.03195420027557448,1.423300463651672,1.3144547649806657,,,,
CR9114_FluAH3_logKd_4FQY,random,2147385345,closed_form,0.13006037613314328,,0.196879613243178,,1.0,1.0,,,,
CXCR4_CXCL12_enrich_8U4O,1,55656,exact,1.6691748862684244,0.011451068478815829,1.382041556297943,0.005065885638752228,0.8162336962783044,0.8829960933080426,,,,
CXCR4_CXCL12_enrich_8U4O,1_nested,5584,exact,1.3148902354556942,0.032226834240316776,1.1620446612482969,0.015136867672191997,0.6429869787255221,0.7424385261469733,,,,
CXCR4_CXCL12_enrich_8U4O,1_samesite,50072,exact,1.7086845022242136,0.01219742496480387,1.4065754806859687,0.005360681606394719,0.8355540683588032,0.8986709905565531,,,,
CXCR4_CXCL12_enrich_8U4O,1_sampled,55656,exact_enum,1.6691748862684217,0.011451068478815846,1.382041556297936,0.0050658856387522525,0.8162336962783031,0.8829960933080383,,,,
CXCR4_CXCL12_enrich_8U4O,1_nested_sampled,5584,exact_enum,1.3148902354556942,0.032226834240316776,1.1620446612482969,0.015136867672191997,0.6429869787255221,0.7424385261469733,,,,
CXCR4_CXCL12_enrich_8U4O,1_samesite_sampled,50072,exact_enum,1.7086845022242136,0.01219742496480387,1.4065754806859687,0.005360681606394719,0.8355540683588032,0.8986709905565531,,,,
CXCR4_CXCL12_enrich_8U4O,2,15537664,exact_enum,2.046317900723359,0.0007796366002618088,1.5658288777850011,0.0003249653396343878,1.0006582519354337,1.0004191086530576,,,,
CXCR4_CXCL12_enrich_8U4O,random,15593320,closed_form,2.0449717940819974,,1.565172900278963,,1.0,1.0,,,,
GB1_IgG-Fc_fitness_1FCC,1,1046609,exact,0.1438433201935632,0.00041000307191123807,0.3027021709049574,0.00043281279543662355,0.14158765817317776,0.2677064935218304,,,,
GB1_IgG-Fc_fitness_1FCC,1_nested,184735,exact,0.3287139227303993,0.0015909481884007178,0.49915198558893353,0.0014866265206883987,0.32355923421182836,0.4414445638000682,,,,
GB1_IgG-Fc_fitness_1FCC,1_samesite,861874,exact,0.10421795644011152,0.00034825548425043555,0.2605949063678622,0.0004037911287436431,0.10258367487689532,0.23046728870436253,,,,
GB1_IgG-Fc_fitness_1FCC,1_sampled,4765,sampled,0.15014393569611212,0.006343004418389207,0.3094995416497363,0.0065510811505824565,0.14778947131858539,0.2737180139605919,,,,
GB1_IgG-Fc_fitness_1FCC,1_nested_sampled,827,sampled,0.35419592255342225,0.025227014210606805,0.5238648997081382,0.02290713632807196,0.3486416410671215,0.4633003951070582,,,,
GB1_IgG-Fc_fitness_1FCC,1_samesite_sampled,3938,sampled,0.10729198213313713,0.005305962895825949,0.26448172775580514,0.006060331933661727,0.10560949559942863,0.23390475108397182,,,,
GB1_IgG-Fc_fitness_1FCC,2,174510,sampled,0.45928199525270735,0.0019493938583893431,0.6422321629179524,0.0017029770630937221,0.4520798189407013,0.5679831097600173,,,,
GB1_IgG-Fc_fitness_1FCC,3,2015789,sampled,0.670655566948053,0.0006812471433854315,0.8419520275746224,0.0005601224514027804,0.6601387609601966,0.7446131765152342,,,,
GB1_IgG-Fc_fitness_1FCC,4,17804936,sampled,1.0603633055754935,0.0002715887650971377,1.1682253773712763,0.00020605531359187444,1.0437353437557966,1.0331657631800606,,,,
GB1_IgG-Fc_fitness_1FCC,random,4314322495,closed_form,1.0159312050886986,,1.1307240512650218,,1.0,1.0,,,,
GB1_IgG-Fc_fitness_1FCC_2016,1,428264,exact,0.2823401692085708,0.0009666619056781481,0.46835629137181906,0.0008979595916076331,0.27223642113752233,0.44086407091895946,,,,
GB1_IgG-Fc_fitness_1FCC_2016,1_nested,52175,exact,0.38517002134035855,0.003091827599703892,0.5832710211433041,0.0028712508808862755,0.37138643230642093,0.5490333781513238,,,,
GB1_IgG-Fc_fitness_1FCC_2016,1_samesite,376089,exact,0.2680745365126503,0.0010115659376748768,0.4524141180409659,0.0009388087993426549,0.2584812944713946,0.4258576931603741,,,,
GB1_IgG-Fc_fitness_1FCC_2016,1_sampled,34844,sampled,0.27927191049240385,0.00334359121671935,0.46646505639360375,0.0031281243004358298,0.2692779622885576,0.43908385024738866,,,,
GB1_IgG-Fc_fitness_1FCC_2016,1_nested_sampled,4237,sampled,0.37713112008127775,0.010667640572717614,0.5749828499057931,0.009999492109792578,0.36363520896903817,0.5412317173653864,,,,
GB1_IgG-Fc_fitness_1FCC_2016,1_samesite_sampled,30607,sampled,0.2657250267394033,0.003501284074456883,0.4514426794500563,0.0032718577465499594,0.25621586361226706,0.42494327740526217,,,,
GB1_IgG-Fc_fitness_1FCC_2016,2,636197,sampled,0.5539340201485752,0.00119703865335709,0.7133199799141853,0.0009703603942853625,0.5341110888127587,0.6714485446361619,,,,
GB1_IgG-Fc_fitness_1FCC_2016,3,5076834,sampled,0.8294474078405119,0.0005368915537167661,0.9194219446457428,0.00040031125981458633,0.7997650297697746,0.8654524533480786,,,,
GB1_IgG-Fc_fitness_1FCC_2016,4,14252125,sampled,1.1341740271033218,0.000373446496958082,1.1301086391300725,0.00026371897976485884,1.0935867855829233,1.0637719710527778,,,,
GB1_IgG-Fc_fitness_1FCC_2016,random,245876400,closed_form,1.0371138734076455,,1.0623598570769295,,1.0,1.0,,,,
HLA-A2_TAPBPR_meanscore_5WER,1,29558,exact,0.5600323244811118,0.005407703827542339,0.8188243847554855,0.003900061139166353,0.4901552965477084,0.6949509413851586,,,,
HLA-A2_TAPBPR_meanscore_5WER,1_nested,0,exact,,,,,,,,,,
HLA-A2_TAPBPR_meanscore_5WER,1_samesite,29558,exact,0.5600323244811118,0.005407703827542339,0.8188243847554855,0.003900061139166353,0.4901552965477084,0.6949509413851586,,,,
HLA-A2_TAPBPR_meanscore_5WER,1_sampled,29558,exact_enum,0.5600323244811118,0.005407703827542339,0.8188243847554855,0.003900061139166353,0.4901552965477084,0.6949509413851586,,,,
HLA-A2_TAPBPR_meanscore_5WER,1_nested_sampled,0,exact_enum,,,,,,,,,,
HLA-A2_TAPBPR_meanscore_5WER,1_samesite_sampled,29558,exact_enum,0.5600323244811118,0.005407703827542339,0.8188243847554855,0.003900061139166353,0.4901552965477084,0.6949509413851586,,,,
HLA-A2_TAPBPR_meanscore_5WER,2,5559938,exact_enum,1.145657863272987,0.0007600312172286586,1.1801585356180804,0.00040200745751107125,1.0027104600347478,1.0016217159390364,,,,
HLA-A2_TAPBPR_meanscore_5WER,random,5589496,closed_form,1.1425609973524016,,1.1782477524577857,,1.0,1.0,,,,
KRAS_DARPinK27_norfitness_5O2S,1,178027,exact,0.07384832737308891,0.00034646199183826197,0.26808123529036026,0.0006526420186745605,0.3527650106691872,0.5140884097882673,,,,
KRAS_DARPinK27_norfitness_5O2S,1_nested,36104,exact,0.11319178838960246,0.0009414091500569552,0.34724406181417367,0.0017118894653575091,0.5407042225505223,0.6658957213216273,,,,
KRAS_DARPinK27_norfitness_5O2S,1_samesite,141923,exact,0.06383968665565619,0.0003578297208831718,0.24794288781450532,0.0006829906086765133,0.3049548790783688,0.4754699252889231,,,,
KRAS_DARPinK27_norfitness_5O2S,1_sampled,18520,sampled,0.07412957451143824,0.0010806357898765025,0.2692839378020276,0.002022354948848303,0.3541084960708164,0.5163947831567791,,,,
KRAS_DARPinK27_norfitness_5O2S,1_nested_sampled,3781,sampled,0.11082601003223741,0.0029111335127153188,0.34219177721322314,0.005258632470968707,0.5294031700126561,0.6562071619806976,,,,
KRAS_DARPinK27_norfitness_5O2S,1_samesite_sampled,14739,sampled,0.06471582712666717,0.0011209859018761607,0.25058086833912424,0.002126357880044753,0.30914010186672575,0.4805286725432205,,,,
KRAS_DARPinK27_norfitness_5O2S,2,1057140,sampled,0.1295326469474671,0.00018926978705998253,0.3863744585589204,0.00032225191140764886,0.6187626342784693,0.7409344811777678,,,,
KRAS_DARPinK27_norfitness_5O2S,3,4884936,sampled,0.229959549055012,0.00011690781895834142,0.5574715521583319,0.00017473273679097646,1.0984904555256638,1.0690403729334772,,,,
KRAS_DARPinK27_norfitness_5O2S,4,14039404,sampled,0.2083939668544754,6.7509634115032e-05,0.5194859069360057,0.00010229856982895993,0.995474136731803,0.996196856206258,,,,
KRAS_DARPinK27_norfitness_5O2S,random,190759278,closed_form,0.20934141748638935,,0.5214691290176573,,1.0,1.0,,,,
KRAS_PICK3CG-RBD_norfitness_1HE8,1,174061,exact,0.06560256379318564,0.0003368657481932128,0.2458573395061033,0.0006375892926911985,0.26295441747814896,0.42889738262316685,,,,
KRAS_PICK3CG-RBD_norfitness_1HE8,1_nested,35395,exact,0.11598295891588166,0.0010664128985541285,0.33544825025351005,0.0018369809250169593,0.4648938949286262,0.58518845452519,,,,
KRAS_PICK3CG-RBD_norfitness_1HE8,1_samesite,138666,exact,0.05274278500553888,0.0003143929882294877,0.22298893423080543,0.0006341357684975664,0.21140863261120504,0.3890035190230623,,,,
KRAS_PICK3CG-RBD_norfitness_1HE8,1_sampled,18950,sampled,0.06609994832594981,0.0010192309859716941,0.2469032524319335,0.0019388906954190895,0.264948081330799,0.43072197454806715,,,,
KRAS_PICK3CG-RBD_norfitness_1HE8,1_nested_sampled,3884,sampled,0.11648347567436843,0.003252346669953693,0.3336313021637019,0.00559666264311203,0.4669001136654557,0.5820187940967222,,,,
KRAS_PICK3CG-RBD_norfitness_1HE8,1_samesite_sampled,15066,sampled,0.053111124469501295,0.000941199273774079,0.224544846407894,0.0019245329874052314,0.21288504578136397,0.39171780309400106,,,,
KRAS_PICK3CG-RBD_norfitness_1HE8,2,1069550,sampled,0.13163748429988875,0.00019468454527837167,0.3836504068976558,0.0003294517907581803,0.5276418481370657,0.6692769705035905,,,,
KRAS_PICK3CG-RBD_norfitness_1HE8,3,5089719,sampled,0.2504427117158599,0.00012428461964797858,0.5763143822671449,0.0001820838084212684,1.003848227311697,1.005378690825415,,,,
KRAS_PICK3CG-RBD_norfitness_1HE8,4,13821781,sampled,0.2585701598720705,7.934166500932091e-05,0.5872720993119955,0.000111634872863251,1.0364254357610139,1.0244943949549026,,,,
KRAS_PICK3CG-RBD_norfitness_1HE8,random,184368003,closed_form,0.2494826457845573,,0.5732311491443999,,1.0,1.0,,,,
KRAS_RAF1-RBD_norfitness_6VJJ,1,229670,exact,0.03940507112373084,0.00019320989584960678,0.1819568008882483,0.00044608212987194603,0.25591411426995814,0.4082929007201637,,,,
KRAS_RAF1-RBD_norfitness_6VJJ,1_nested,43202,exact,0.07333811008045475,0.0006558484545248888,0.2533749328035619,0.0013817054123371033,0.47629041004748995,0.5685480607437094,,,,
KRAS_RAF1-RBD_norfitness_6VJJ,1_samesite,186468,exact,0.031543265618183575,0.00017827053631040742,0.1654102291708202,0.0004377135223239549,0.20485604140930144,0.3711640452418123,,,,
KRAS_RAF1-RBD_norfitness_6VJJ,1_sampled,17168,sampled,0.03989643921431347,0.0007194753371074251,0.18280990043148654,0.001643518907597515,0.2591052778967698,0.4102071709503032,,,,
KRAS_RAF1-RBD_norfitness_6VJJ,1_nested_sampled,3207,sampled,0.07778176382652138,0.002506235699039885,0.2615064808035038,0.005213791889359132,0.5051494802158008,0.5867944428741614,,,,
KRAS_RAF1-RBD_norfitness_6VJJ,1_samesite_sampled,13961,sampled,0.03119375057944856,0.0006498410365563695,0.164732403600811,0.0015890070834990372,0.202586134795479,0.3696430723141154,,,,
KRAS_RAF1-RBD_norfitness_6VJJ,2,990683,sampled,0.07475879033326217,0.0001302012389526901,0.27447188394239497,0.0002736428813720094,0.4855169415113319,0.6158875134862095,,,,
KRAS_RAF1-RBD_norfitness_6VJJ,3,4675775,sampled,0.15896474379262143,8.603737012068801e-05,0.4461506325111248,0.0001594505248940386,1.032387975651695,1.001117490617894,,,,
KRAS_RAF1-RBD_norfitness_6VJJ,4,14316374,sampled,0.15788914581921623,4.620636923252165e-05,0.45753185656553114,8.62267098103063e-05,1.025402562484688,1.026655821475742,,,,
KRAS_RAF1-RBD_norfitness_6VJJ,random,268227541,closed_form,0.1539777172358821,,0.44565261988955834,,1.0,1.0,,,,
KRAS_RAF1_norfitness_6VJJ,1,127076,exact,0.07103472695113783,0.0004272311953766028,0.25367245069539174,0.0007820488940176618,0.2756048222508273,0.4465289242878613,,,,
KRAS_RAF1_norfitness_6VJJ,1_nested,24138,exact,0.16072814929509077,0.00159368199204476,0.40050099910910797,0.0025830737106459756,0.6236027773802595,0.7049850301763668,,,,
KRAS_RAF1_norfitness_6VJJ,1_samesite,102938,exact,0.050002456763856784,0.00034042120690285345,0.21924252684209866,0.0007103186090013043,0.19400255058327753,0.3859233803299765,,,,
KRAS_RAF1_norfitness_6VJJ,1_sampled,31680,sampled,0.07162316000978991,0.0008588681379470528,0.2544238919651441,0.0015742843814458716,0.27788786035763763,0.44785165468656324,,,,
KRAS_RAF1_norfitness_6VJJ,1_nested_sampled,6017,sampled,0.16239898321615925,0.0031998067550404953,0.40425104473454926,0.005178853001234944,0.6300853797015648,0.7115860774503944,,,,
KRAS_RAF1_norfitness_6VJJ,1_samesite_sampled,25663,sampled,0.05033967295711793,0.0006843414947048092,0.21929510818251702,0.001431507903947913,0.19531090232886483,0.3860159370475477,,,,
KRAS_RAF1_norfitness_6VJJ,2,1477164,sampled,0.1218509000971021,0.00016718402603475925,0.3571556836062899,0.00028040101301869214,0.4727644787804342,0.6286860980245559,,,,
KRAS_RAF1_norfitness_6VJJ,3,4318834,sampled,0.29509715030743816,0.00015117741993414706,0.6300181212205361,0.00021154395340117384,1.1449357398551163,1.1089943475504727,,,,
KRAS_RAF1_norfitness_6VJJ,4,14172322,sampled,0.2610463191562971,8.286748154728248e-05,0.5720688218256189,0.00011724850121108902,1.0128232693819283,1.0069886380179094,,,,
KRAS_RAF1_norfitness_6VJJ,random,80346826,closed_form,0.25774123388337994,,0.5680985864464586,,1.0,1.0,,,,
KRAS_RALGDS-RBD_norfitness_1LFD,1,195700,exact,0.0497694264303978,0.00026448905563051606,0.2035460388620815,0.0005449065631996426,0.24131384839266687,0.39353671621956005,,,,
KRAS_RALGDS-RBD_norfitness_1LFD,1_nested,37730,exact,0.09595991847864505,0.0009115752898437554,0.2885839370389791,0.001696874695682762,0.4652747455692014,0.5579493247372092,,,,
KRAS_RALGDS-RBD_norfitness_1LFD,1_samesite,157970,exact,0.038737159132933914,0.00023656206671926494,0.18323534760289087,0.0005271577869778981,0.18782239653173977,0.3542679454442806,,,,
KRAS_RALGDS-RBD_norfitness_1LFD,1_sampled,18803,sampled,0.04989672107393526,0.0008597834499215987,0.20326538486612877,0.0017635085853524711,0.24193105382409286,0.3929940986742686,,,,
KRAS_RALGDS-RBD_norfitness_1LFD,1_nested_sampled,3692,sampled,0.09468512465502564,0.0028932211418658286,0.2849280901907329,0.005413213457622735,0.459093733941209,0.5508810959880598,,,,
KRAS_RALGDS-RBD_norfitness_1LFD,1_samesite_sampled,15111,sampled,0.03895377977148129,0.0007775160448861063,0.18331311777206255,0.001712277627158335,0.18887271122649013,0.35441830659680784,,,,
KRAS_RALGDS-RBD_norfitness_1LFD,2,1057185,sampled,0.10546689636286817,0.00016623293671284465,0.33141453556955186,0.00030924038966368984,0.5113706237894222,0.6407581732594876,,,,
KRAS_RALGDS-RBD_norfitness_1LFD,3,4817251,sampled,0.2119694151003996,0.00010958006146190301,0.519773162717496,0.0001786663608611146,1.0277626038337941,1.0049314876301625,,,,
KRAS_RALGDS-RBD_norfitness_1LFD,4,14106761,sampled,0.21209611803686712,6.162829609340092e-05,0.5307561700946851,0.00010050293111937875,1.0283769402928327,1.0261660775126158,,,,
KRAS_RALGDS-RBD_norfitness_1LFD,random,206867970,closed_form,0.2062435569359152,,0.5172224864236559,,1.0,1.0,,,,
KRAS_SOS1_norfitness_8BE4,1,177569,exact,0.07359574685467318,0.0003466004049878346,0.267409327508859,0.0006528565011943712,0.3516610740039789,0.5129392810771551,,,,
KRAS_SOS1_norfitness_8BE4,1_nested,35915,exact,0.11312130055437197,0.0009444472408373853,0.34692591895995123,0.0017170356061532097,0.5405252306798402,0.6654664334865186,,,,
KRAS_SOS1_norfitness_8BE4,1_samesite,141654,exact,0.06357442545799762,0.00035766836336801965,0.24724866574169413,0.000682673902470903,0.3037763959361972,0.47426749857343287,,,,
KRAS_SOS1_norfitness_8BE4,1_sampled,18850,sampled,0.07487266057245646,0.0010842403814937543,0.26926689030129414,0.002024264780339325,0.35776252508773226,0.5165024212719406,,,,
KRAS_SOS1_norfitness_8BE4,1_nested_sampled,3790,sampled,0.11322253332471481,0.0029449816850575183,0.3471819341387104,0.005286258665134112,0.5410089491862025,0.6659575167369083,,,,
KRAS_SOS1_norfitness_8BE4,1_samesite_sampled,15060,sampled,0.06522153057703413,0.001123245419622757,0.24965878829971314,0.002126690415510788,0.3116467251320079,0.4788905479776357,,,,
KRAS_SOS1_norfitness_8BE4,2,1054320,sampled,0.12897584580809449,0.0001889365169890272,0.38527582119876513,0.0003222916551972083,0.6162826847454717,0.7390284571713682,,,,
KRAS_SOS1_norfitness_8BE4,3,4901284,sampled,0.23067298809446835,0.00011687163029983476,0.5584978842044737,0.00017460564549589985,1.1022200902069779,1.0712995910640564,,,,
KRAS_SOS1_norfitness_8BE4,4,14025546,sampled,0.20802739640086268,6.751391620762874e-05,0.5188942593491634,0.00010230771294865817,0.9940131157991451,0.9953327014623495,,,,
KRAS_SOS1_norfitness_8BE4,random,188655600,closed_form,0.20928033352318226,,0.5213274501950961,,1.0,1.0,,,,
PSD95_CRIPT_1BE9,1,15751,exact,0.08032019418572334,0.0016960022110571148,0.23103212098342976,0.0026096005585027286,0.4873334189119765,0.6147050611273082,,,,
PSD95_CRIPT_1BE9,1_nested,1576,exact,0.11138381784098447,0.00709934208033049,0.26638485716370575,0.00981448296449208,0.6758083357518084,0.7087677644527595,,,,
PSD95_CRIPT_1BE9,1_samesite,14175,exact,0.07686648900895497,0.0017088476470164277,0.22710154516543227,0.0026845677754884574,0.4663784651948989,0.6042470138298894,,,,
PSD95_CRIPT_1BE9,1_sampled,15751,exact_enum,0.08032019418572374,0.0016960022110571148,0.23103212098342985,0.0026096005585027377,0.48733341891197896,0.6147050611273084,,,,
PSD95_CRIPT_1BE9,1_nested_sampled,1576,exact_enum,0.11138381784098447,0.00709934208033049,0.26638485716370575,0.00981448296449208,0.6758083357518084,0.7087677644527595,,,,
PSD95_CRIPT_1BE9,1_samesite_sampled,14175,exact_enum,0.07686648900895497,0.0017088476470164277,0.22710154516543227,0.0026845677754884574,0.4663784651948989,0.6042470138298894,,,,
PSD95_CRIPT_1BE9,2,1226925,exact_enum,0.1659004260662965,0.0002885395268939785,0.37770127114890634,0.00039263198134577705,1.0065815036116097,1.004946333787511,,,,
PSD95_CRIPT_1BE9,random,1242676,closed_form,0.1648156910007253,,0.3758422300277466,,1.0,1.0,,,,
PSD95_Tm2F_1BE9,1,15751,exact,0.08577242114088239,0.0013820567252452358,0.28056202076249226,0.0024276698764407706,0.5497269198779057,0.6461403708306299,,,,
PSD95_Tm2F_1BE9,1_nested,1576,exact,0.08384628749762695,0.00341964350572767,0.29866837071700536,0.007057135358798257,0.5373820717216334,0.6878396843806353,,,,
PSD95_Tm2F_1BE9,1_samesite,14175,exact,0.08598657187257697,0.0014878972649000415,0.2785489267569675,0.002580398765345622,0.5510994405618058,0.6415041720190032,,,,
PSD95_Tm2F_1BE9,1_sampled,15751,exact_enum,0.08577242114088236,0.0013820567252452373,0.28056202076249226,0.00242766987644077,0.5497269198779055,0.6461403708306299,,,,
PSD95_Tm2F_1BE9,1_nested_sampled,1576,exact_enum,0.08384628749762695,0.00341964350572767,0.29866837071700536,0.007057135358798257,0.5373820717216334,0.6878396843806353,,,,
PSD95_Tm2F_1BE9,1_samesite_sampled,14175,exact_enum,0.08598657187257697,0.0014878972649000415,0.2785489267569675,0.002580398765345622,0.5510994405618058,0.6415041720190032,,,,
PSD95_Tm2F_1BE9,2,1226925,exact_enum,0.156929243035765,0.00020386914129752793,0.43618471054539315,0.00031739688455961073,1.0057805092283172,1.0045427740237087,,,,
PSD95_Tm2F_1BE9,random,1242676,closed_form,0.15602732564003313,,0.4342121827209506,,1.0,1.0,,,,
SARS2-RBD_ACE2_deltaKd_6M0J,1,45006,exact,0.7950432417882551,0.009878455154431805,0.7012977999983783,0.004939908823042666,0.22980564320034416,0.342477888276126,,,,
SARS2-RBD_ACE2_deltaKd_6M0J,1_nested,19459,exact,1.1059035799418189,0.018203440803927065,0.8853273099236402,0.008566516533494191,0.3196591960639282,0.4323484652832688,,,,
SARS2-RBD_ACE2_deltaKd_6M0J,1_samesite,25547,exact,0.5582627462259504,0.010272849489301236,0.5611236021029042,0.005601788698557016,0.16136471921034604,0.2740239970958703,,,,
SARS2-RBD_ACE2_deltaKd_6M0J,1_sampled,3829,sampled,0.7889510726366038,0.03388797748093588,0.6996623405590994,0.01685957204736868,0.22804471401210083,0.3416792137399635,,,,
SARS2-RBD_ACE2_deltaKd_6M0J,1_nested_sampled,1667,sampled,1.1395851028956039,0.0645622555287859,0.8932449646668242,0.029809268103061084,0.32939477224334707,0.43621504190243315,,,,
SARS2-RBD_ACE2_deltaKd_6M0J,1_samesite_sampled,2162,sampled,0.5185963416274725,0.03234676424599813,0.5504013625814963,0.018428688763169686,0.14989922507986944,0.268787805068901,,,,
SARS2-RBD_ACE2_deltaKd_6M0J,2,440400,sampled,1.7989188717755666,0.004776363988946271,1.2638335209449771,0.002131338425781103,0.5199738664072857,0.6171914918124908,,,,
SARS2-RBD_ACE2_deltaKd_6M0J,3,2309988,sampled,2.253618426521476,0.002277005166205097,1.5192123340992938,0.0009757319733455062,0.6514038542985902,0.7419054102644751,,,,
SARS2-RBD_ACE2_deltaKd_6M0J,4,4546200,sampled,2.7849599499966144,0.001744178103233678,1.773162120904885,0.0007304738252438306,0.8049870484486454,0.8659214655173967,,,,
SARS2-RBD_ACE2_deltaKd_6M0J,5,4734683,sampled,3.537595724625771,0.0018232337116600198,2.1026249119752287,0.0007487176833708888,1.022534898921799,1.0268142003179206,,,,
SARS2-RBD_ACE2_deltaKd_6M0J,6,3611518,sampled,4.2180565646302215,0.0021362300983135724,2.383572745323076,0.0008733569835588229,1.2192207303215412,1.1640147172466009,,,,
SARS2-RBD_ACE2_deltaKd_6M0J,7,2255636,sampled,4.516596114103838,0.0026791411385939045,2.494732793163143,0.0011160407432560346,1.3055129841028739,1.2182995851658034,,,,
SARS2-RBD_ACE2_deltaKd_6M0J,8,1194392,sampled,4.337378245940039,0.0036330301101269685,2.39180115642867,0.0015726606357645272,1.2537104212966796,1.168033051339932,,,,
SARS2-RBD_ACE2_deltaKd_6M0J,9,551743,sampled,3.8741483314381373,0.0052738669652375595,2.151612282208468,0.002377549739195289,1.1198147501476357,1.0507371202382727,,,,
SARS2-RBD_ACE2_deltaKd_6M0J,10,229173,sampled,3.2796494201336697,0.007946437584015158,1.8439170524973598,0.0037128855343557805,0.9479760406116159,0.9004745463298113,,,,
SARS2-RBD_ACE2_deltaKd_6M0J,11,84163,sampled,2.618459524402189,0.012271005709209774,1.5071039082469655,0.0059359812955947,0.7568604367302748,0.7359922759066273,,,,
SARS2-RBD_ACE2_deltaKd_6M0J,12,27386,sampled,1.945329021215187,0.01930376936767455,1.1538260425034532,0.009667184065156908,0.5622934243817077,0.5634694796925017,,,,
SARS2-RBD_ACE2_deltaKd_6M0J,13,8099,sampled,1.39104346524264,0.030744240192075462,0.8577429312260754,0.01589555673276486,0.402078303980928,0.4188776690455324,,,,
SARS2-RBD_ACE2_deltaKd_6M0J,14,2175,sampled,0.8376424367816078,0.04537117621878172,0.5660735632183925,0.024958315543187396,0.24211885447077156,0.2764413043081349,,,,
SARS2-RBD_ACE2_deltaKd_6M0J,15,505,sampled,0.4223857425742573,0.06825091789582444,0.30948514851485126,0.038511678259598114,0.12208974575094127,0.1511366784787213,,,,
SARS2-RBD_ACE2_deltaKd_6M0J,16,91,sampled,0.4810554945054944,0.1584783118312581,0.34824175824175824,0.09612484252135188,0.13904811904474687,0.17006341952374351,,,,
SARS2-RBD_ACE2_deltaKd_6M0J,17,17,sampled,0.006976470588235295,0.006000919937617895,0.045882352941176485,0.026399365929386288,0.002016534732364515,0.022406588676693925,,,,
SARS2-RBD_ACE2_deltaKd_6M0J,18,2,sampled,0.003200000000000006,0.0,0.08000000000000007,0.0,0.0009249535365989021,0.039067898205517634,,,,
SARS2-RBD_ACE2_deltaKd_6M0J,random,239181256,closed_form,3.459633239272274,,2.0477170176690365,,1.0,1.0,,,,
Z-domain_ZSPA-1_LL1_fitness_1LP1,1,176831,exact,0.047378528529300766,0.0008073380672894992,0.11618493267943113,0.0006778821209026224,2.4158086404663193,1.3976689159549502,,,,
Z-domain_ZSPA-1_LL1_fitness_1LP1,1_nested,67329,exact,0.05160057723879459,0.0012794411744487214,0.12709717987659142,0.0011370432198080358,2.6310888965121983,1.5289398850811178,,,,
Z-domain_ZSPA-1_LL1_fitness_1LP1,1_samesite,109502,exact,0.04478253651489454,0.0010395722657737239,0.10947536854783893,0.0008417138406060625,2.2834402420871753,1.3169549282625264,,,,
Z-domain_ZSPA-1_LL1_fitness_1LP1,1_sampled,3425,sampled,0.04664099174607899,0.005628563284682181,0.11636313640026823,0.0048251652966429205,2.378201990600294,1.39981265176972,,,,
Z-domain_ZSPA-1_LL1_fitness_1LP1,1_nested_sampled,1331,sampled,0.04896088112570833,0.009759281601664128,0.1218142538200033,0.00790072939873753,2.4964920469233522,1.4653879135448906,,,,
Z-domain_ZSPA-1_LL1_fitness_1LP1,1_samesite_sampled,2094,sampled,0.04516641067430899,0.00680231977129347,0.11289826663633948,0.006087032058667933,2.3030138029374587,1.3581313368591446,,,,
Z-domain_ZSPA-1_LL1_fitness_1LP1,2,37465,sampled,0.057941635287595356,0.0020945216927037635,0.13109751273396147,0.001623074578020888,2.9544164311467456,1.5770626559024088,,,,
Z-domain_ZSPA-1_LL1_fitness_1LP1,3,235785,sampled,0.04898456725772185,0.0007341932015028467,0.12271316329312192,0.0005929894671345988,2.4976997915315895,1.4762015173389544,,,,
Z-domain_ZSPA-1_LL1_fitness_1LP1,4,937711,sampled,0.03636007858553997,0.00029842055000546314,0.1068455232306562,0.000255688136940434,1.8539831172818866,1.2853186999769055,,,,
Z-domain_ZSPA-1_LL1_fitness_1LP1,5,2460848,sampled,0.025503399664697127,0.00014580911650695038,0.09075446693565499,0.00013183459628763965,1.3004062216313503,1.0917482542250705,,,,
Z-domain_ZSPA-1_LL1_fitness_1LP1,6,4457911,sampled,0.01852440131283491,8.7916034705924e-05,0.08011562790974947,8.289147140457692e-05,0.9445504142944446,0.9637663010970895,,,,
Z-domain_ZSPA-1_LL1_fitness_1LP1,7,5608372,sampled,0.01631178214977224,7.225153004670311e-05,0.07776726768288664,6.883747012262538e-05,0.8317300153054293,0.935516251655591,,,,
Z-domain_ZSPA-1_LL1_fitness_1LP1,8,4537658,sampled,0.016890180727602257,8.039349908907922e-05,0.08081149079686999,7.749368135994803e-05,0.8612222837512727,0.9721373170684848,,,,
Z-domain_ZSPA-1_LL1_fitness_1LP1,9,1720825,sampled,0.01777618279590604,0.0001346330393553806,0.084007068898273,0.00012868186111648962,0.9063991079060287,1.01057913631161,,,,
Z-domain_ZSPA-1_LL1_fitness_1LP1,random,1034010550,closed_form,0.019611871460214404,,0.08312765015600877,,1.0,1.0,,,,
Z-domain_ZSPA-1_LL2_fitness_1LP1,1,30618,exact,0.17510634997231084,0.005193104479258629,0.2315576419688503,0.003112379845390636,1.424632551706975,1.0007225677701566,,,,
Z-domain_ZSPA-1_LL2_fitness_1LP1,1_nested,8550,exact,0.2254664067125742,0.010678275069696066,0.29312927059414906,0.006533834962358036,1.834352565569032,1.2668166503311986,,,,
Z-domain_ZSPA-1_LL2_fitness_1LP1,1_samesite,22068,exact,0.1555949087393377,0.005893696406230295,0.20770240249330635,0.0034851866112067696,1.26589111077347,0.8976273889638803,,,,
Z-domain_ZSPA-1_LL2_fitness_1LP1,1_sampled,30618,exact_enum,0.17510634997231025,0.005193104479258632,0.2315576419688475,0.003112379845390637,1.4246325517069702,1.0007225677701446,,,,
Z-domain_ZSPA-1_LL2_fitness_1LP1,1_nested_sampled,8550,exact_enum,0.22546640671257429,0.010678275069696062,0.2931292705941493,0.006533834962358036,1.8343525655690327,1.2668166503311995,,,,
Z-domain_ZSPA-1_LL2_fitness_1LP1,1_samesite_sampled,22068,exact_enum,0.1555949087393371,0.0058936964062303,0.20770240249330504,0.0034851866112067652,1.2658911107734652,0.8976273889638746,,,,
Z-domain_ZSPA-1_LL2_fitness_1LP1,2,313154,exact_enum,0.191928854586104,0.0017292390024178342,0.2396203043220907,0.0010209925718590593,1.561497306627857,1.0355669724056291,,,,
Z-domain_ZSPA-1_LL2_fitness_1LP1,3,1575218,exact_enum,0.16254538814139916,0.0007009614790512054,0.22040239901437075,0.0004189747812999582,1.3224389127675802,0.9525129587994087,,,,
Z-domain_ZSPA-1_LL2_fitness_1LP1,4,3487136,exact_enum,0.163478337445722,0.0004652195139937375,0.23269107059280547,0.00027970287236564684,1.330029214023022,1.0056209057965095,,,,
Z-domain_ZSPA-1_LL2_fitness_1LP1,5,2789398,exact_enum,0.11322353887933827,0.0003162810046861999,0.26337850811757213,0.00023730320239746634,0.9211655610003399,1.1382427921525722,,,,
Z-domain_ZSPA-1_LL2_fitness_1LP1,6,3234365,exact_enum,0.09303231596804504,0.00027356779549266323,0.22994094810877197,0.00020292904763869547,0.7568935433222341,0.9937357025680422,,,,
Z-domain_ZSPA-1_LL2_fitness_1LP1,7,3281770,exact_enum,0.1016613508489495,0.00031861619193032295,0.21643278261675533,0.00021836082533895795,0.8270977591207779,0.9353574692171707,,,,
Z-domain_ZSPA-1_LL2_fitness_1LP1,8,870494,exact_enum,0.08422695523958154,0.0005636179420804738,0.2023714898199868,0.0003827116427406824,0.6852547733674327,0.874588785816762,,,,
Z-domain_ZSPA-1_LL2_fitness_1LP1,random,15582153,closed_form,0.1229133433477291,,0.23139044668975015,,1.0,1.0,,,,
Z-domain_ZpA963_HL1_fitness_2M5A,1,20414,exact,0.10778443735251304,0.0016082798039845658,0.3252732235031051,0.002318837253947156,0.28177924462629644,0.5175662184378728,,,,
Z-domain_ZpA963_HL1_fitness_2M5A,1_nested,9736,exact,0.18370787239471215,0.003098259331575764,0.44781880219691317,0.004140036216695347,0.4802647468111417,0.7125575277985386,,,,
Z-domain_ZpA963_HL1_fitness_2M5A,1_samesite,10678,exact,0.03855887417861807,0.0007296530381665116,0.2135384647315266,0.0017180735659958497,0.10080388882262029,0.3397768020738117,,,,
Z-domain_ZpA963_HL1_fitness_2M5A,1_sampled,20414,exact_enum,0.10778443735251267,0.001608279803984572,0.3252732235031046,0.0023188372539471513,0.28177924462629544,0.517566218437872,,,,
Z-domain_ZpA963_HL1_fitness_2M5A,1_nested_sampled,9736,exact_enum,0.1837078723947126,0.0030982593315757507,0.4478188021969119,0.004140036216695372,0.48026474681114284,0.7125575277985365,,,,
Z-domain_ZpA963_HL1_fitness_2M5A,1_samesite_sampled,10678,exact_enum,0.03855887417861811,0.0007296530381665126,0.21353846473152682,0.0017180735659958492,0.1008038888226204,0.3397768020738121,,,,
Z-domain_ZpA963_HL1_fitness_2M5A,2,154927,exact_enum,0.18252348072259603,0.0009776193479370447,0.423599559667023,0.0010945549461850138,0.4771684093536379,0.6740205045704176,,,,
Z-domain_ZpA963_HL1_fitness_2M5A,3,613798,exact_enum,0.2556087257869235,0.0006471481428302689,0.5081090016552019,0.0006420726439430117,0.6682340738725407,0.8084897112301506,,,,
Z-domain_ZpA963_HL1_fitness_2M5A,4,1331215,exact_enum,0.33367942729777506,0.0005396801995062505,0.5839324835529972,0.000495152304847277,0.8723331427132976,0.9291380461038011,,,,
Z-domain_ZpA963_HL1_fitness_2M5A,5,1462916,exact_enum,0.43020793522394246,0.0006085112796576489,0.6743804357621076,0.0005265670485474388,1.1246861791667995,1.073056454407311,,,,
Z-domain_ZpA963_HL1_fitness_2M5A,6,631886,exact_enum,0.5561569231583681,0.001063904927145312,0.7929292300302759,0.0008748094961958447,1.4539527370608507,1.2616881852609867,,,,
Z-domain_ZpA963_HL1_fitness_2M5A,random,4215156,closed_form,0.3825137564530695,,0.6284668742192069,,1.0,1.0,,,,
Z-domain_ZpA963_HL2_fitness_2M5A,1,3100,exact,0.6323935563972093,0.02337545859913806,0.7584588861969749,0.014914024907765161,1.0594731244394169,0.8931760740321604,,,,
Z-domain_ZpA963_HL2_fitness_2M5A,1_nested,1263,exact,1.0993938926206297,0.0484653573966168,1.0504653155139088,0.029448754504047978,1.8418566581231715,1.2370485777049756,,,,
Z-domain_ZpA963_HL2_fitness_2M5A,1_samesite,1837,exact,0.3113149365549773,0.01754949769871071,0.5576945311467368,0.013024132432005227,0.5215578261037704,0.6567520282298929,,,,
Z-domain_ZpA963_HL2_fitness_2M5A,1_sampled,3100,exact_enum,0.6323935563972102,0.023375458599138074,0.7584588861969747,0.014914024907765186,1.0594731244394184,0.89317607403216,,,,
Z-domain_ZpA963_HL2_fitness_2M5A,1_nested_sampled,1263,exact_enum,1.099393892620632,0.04846535739661676,1.0504653155139105,0.029448754504047985,1.8418566581231752,1.2370485777049776,,,,
Z-domain_ZpA963_HL2_fitness_2M5A,1_samesite_sampled,1837,exact_enum,0.31131493655497716,0.017549497698710705,0.5576945311467376,0.013024132432005205,0.5215578261037702,0.6567520282298938,,,,
Z-domain_ZpA963_HL2_fitness_2M5A,2,21618,exact_enum,0.595299188126504,0.008615410698128677,0.7790341345438131,0.005196233404004093,0.9973275098086034,0.9174058904073263,,,,
Z-domain_ZpA963_HL2_fitness_2M5A,3,56853,exact_enum,0.5887462119788114,0.004695510365398459,0.8280900932772814,0.002941030734867502,0.9863490581097502,0.9751751504513887,,,,
Z-domain_ZpA963_HL2_fitness_2M5A,4,60725,exact_enum,0.5987587023473274,0.003973182889883159,0.8691971299757116,0.002697951448089399,1.0031233663658077,1.023583603858136,,,,
Z-domain_ZpA963_HL2_fitness_2M5A,5,30317,exact_enum,0.6101822265053173,0.004693316221746839,0.9056331799905447,0.003633219446653694,1.0222616335245147,1.0664914116480448,,,,
Z-domain_ZpA963_HL2_fitness_2M5A,6,7087,exact_enum,0.5787805153792928,0.009413669134602893,0.8587690380539211,0.0076989786736463275,0.9696531452455218,1.0113032780924855,,,,
Z-domain_ZpA963_HL2_fitness_2M5A,random,179700,closed_form,0.5968943825090591,,0.8491706263166934,,1.0,1.0,,,,
hYAP65_peptide_FunctioncalScore_1JMQ,1,53359,exact,0.07671003454806954,0.0006571985924740694,0.2824002784801316,0.0011750110247129558,0.37124888245841675,0.5761264286052267,,,,
hYAP65_peptide_FunctioncalScore_1JMQ,1_nested,29695,exact,0.08696008044796781,0.0009448079040891945,0.3068041251594676,0.0016392166236605349,0.42085540535862664,0.625912856250639,,,,
hYAP65_peptide_FunctioncalScore_1JMQ,1_samesite,23664,exact,0.06384766499949451,0.0008819221391688243,0.2517768746962032,0.0016484433332350694,0.3089996558897159,0.5136514468214827,,,,
hYAP65_peptide_FunctioncalScore_1JMQ,1_sampled,6347,sampled,0.07850639802323849,0.001925072019236677,0.2865147494156832,0.0034357432784612426,0.37994263336824957,0.5845203843706285,,,,
hYAP65_peptide_FunctioncalScore_1JMQ,1_nested_sampled,3530,sampled,0.08838837435881118,0.0027612462355764075,0.30841113804435727,0.004809672697627376,0.42776783241392263,0.6291913324585129,,,,
hYAP65_peptide_FunctioncalScore_1JMQ,1_samesite_sampled,2817,sampled,0.0661232327890985,0.0025966439062355216,0.25907625035312903,0.004808212492918084,0.32001258273593525,0.5285429449846776,,,,
hYAP65_peptide_FunctioncalScore_1JMQ,2,126150,sampled,0.13588585243428936,0.0006104853249982124,0.392800372145697,0.000965022749032202,0.6576384843957653,0.8013542931935388,,,,
hYAP65_peptide_FunctioncalScore_1JMQ,3,1019158,sampled,0.18837756855475848,0.00026721775458323773,0.4761230790309209,0.0003837200875926667,0.9116794460881628,0.9713414256349876,,,,
hYAP65_peptide_FunctioncalScore_1JMQ,4,4728948,sampled,0.2247827004842045,0.0001395490986377291,0.5278875473364715,0.0001901029857291424,1.0878671459657947,1.0769464144615957,,,,
hYAP65_peptide_FunctioncalScore_1JMQ,5,7772072,sampled,0.26624203726597934,0.0001248322679467987,0.5751796424493465,0.00016107693142354069,1.2885153732593957,1.1734272890743178,,,,
hYAP65_peptide_FunctioncalScore_1JMQ,6,4654600,sampled,0.13262592427825773,0.00011114528516851061,0.3755453591091294,0.00016336170790781892,0.6418616086330112,0.7661522420843939,,,,
hYAP65_peptide_FunctioncalScore_1JMQ,7,1213455,sampled,0.10007191230323147,0.00017823574225375784,0.3239531300561836,0.00028009316903255914,0.4843119394604198,0.6608986395453734,,,,
hYAP65_peptide_FunctioncalScore_1JMQ,8,286571,sampled,0.08001109527552913,0.0003047586452998242,0.2900607735565876,0.0005145971726960593,0.38722482502208205,0.5917546485683916,,,,
hYAP65_peptide_FunctioncalScore_1JMQ,9,63222,sampled,0.07513234751514693,0.0006152288047484677,0.28023783208895575,0.0010651743437254857,0.36361344660843514,0.5717148093139729,,,,
hYAP65_peptide_FunctioncalScore_1JMQ,10,19896,sampled,0.09653352653944698,0.0012960687938260399,0.3146687237509592,0.002174192576119628,0.4671874293718655,0.6419574689660211,,,,
hYAP65_peptide_FunctioncalScore_1JMQ,11,11983,sampled,0.1366547336969428,0.002191982642945098,0.3802153332321849,0.003277809435670744,0.6613595922167302,0.7756794830902278,,,,
hYAP65_peptide_FunctioncalScore_1JMQ,12,11325,sampled,0.20081172661674163,0.0029347961083862886,0.46816354760659185,0.0040137330031266355,0.9718562836038581,0.9551031399025874,,,,
hYAP65_peptide_FunctioncalScore_1JMQ,13,12725,sampled,0.2055688786931141,0.002803124704923608,0.4743775266748905,0.0038242707441705024,0.9948791827909431,0.9677803142570682,,,,
hYAP65_peptide_FunctioncalScore_1JMQ,14,13804,sampled,0.18198571795294494,0.002409969426792962,0.4494018193628708,0.0034258448128564848,0.8807451960028309,0.9168272304534496,,,,
hYAP65_peptide_FunctioncalScore_1JMQ,15,12946,sampled,0.16474865411208495,0.002138955682772028,0.43812852771783856,0.0032594762135141394,0.7973240278925018,0.8938285234796726,,,,
hYAP65_peptide_FunctioncalScore_1JMQ,16,10059,sampled,0.15748336710115612,0.002243799141905687,0.4325844837755968,0.0035649345276723365,0.7621626608114221,0.8825180876201028,,,,
hYAP65_peptide_FunctioncalScore_1JMQ,17,8094,sampled,0.16296837681990187,0.0026445264585338406,0.4301335664688011,0.004172608098544209,0.7887081283027956,0.8775179571585803,,,,
hYAP65_peptide_FunctioncalScore_1JMQ,18,6478,sampled,0.16213998623735132,0.0031778705362674937,0.4158445512845998,0.0048336527678570235,0.784699016850522,0.8483668552876275,,,,
hYAP65_peptide_FunctioncalScore_1JMQ,19,4677,sampled,0.15301354821318866,0.0038220087718999875,0.3943556445474841,0.005672833468717809,0.7405303505572847,0.8045272133449363,,,,
hYAP65_peptide_FunctioncalScore_1JMQ,20,5158,sampled,0.2058531633198445,0.004642450866773103,0.4647133391675871,0.006160384497238734,0.9962550177856155,0.9480643498680823,,,,
hYAP65_peptide_FunctioncalScore_1JMQ,21,6304,sampled,0.28664455172729103,0.005012422715941861,0.5824898163823148,0.006092491390463695,1.387256179957341,1.1883408168624299,,,,
hYAP65_peptide_FunctioncalScore_1JMQ,22,4470,sampled,0.2844662776244338,0.006053625061516453,0.5777577231801307,0.00725268705207231,1.3767141194415544,1.1786868463668123,,,,
hYAP65_peptide_FunctioncalScore_1JMQ,23,1353,sampled,0.21680540900447878,0.009814797111889843,0.47837106364781823,0.012302300407811134,1.049259934219105,0.9759275519513739,,,,
hYAP65_peptide_FunctioncalScore_1JMQ,24,187,sampled,0.10783399306554478,0.017280175568800342,0.32858380135571685,0.023998737892139153,0.52187760900467,0.6703456986354108,,,,
hYAP65_peptide_FunctioncalScore_1JMQ,25,15,sampled,0.06417869482011498,0.030218240505946382,0.26124080668596394,0.06330383377663462,0.3106017207524132,0.5329588687800174,,,,
hYAP65_peptide_FunctioncalScore_1JMQ,26,2,sampled,0.03498687313569321,0.003343968554429575,0.2639179110477531,0.012670487354019057,0.16932383916736715,0.5384204447503456,,,,
hYAP65_peptide_FunctioncalScore_1JMQ,28,1,sampled,0.0018044859564249332,0.0,0.06007471941549013,0.0,0.008733060787697462,0.12255877980213269,,,,
hYAP65_peptide_FunctioncalScore_1JMQ,random,169399621,closed_form,0.20662697767625407,,0.49017067167671613,,1.0,1.0,,,,
