family_id,member_assays,n_eligible,C1_pos/C1_neg,C2_pos/C2_neg,C3L_pos/C3L_neg,C3N_result,C4S_result,C4I_result,C5_result,family_verdict_C1,family_verdict_C2,family_verdict_C3,all_three,meta_effect,meta_ci_lo,meta_ci_hi,notes
F1,GB1_IgG-Fc_fitness_1FCC;GB1_IgG-Fc_fitness_1FCC_2016,2,0/0,0/2,1/0,NOT_TESTABLE,REFUTED 0/1,NOT_TESTABLE,INCONCLUSIVE 0/0,INCONCLUSIVE,REFUTED,INCONCLUSIVE,REFUTED,-0.43305,-1.425529,0.559429,meta: DerSimonian-Laird tau^2 + Knapp-Hartung t_1 interval
F2,KRAS_RAF1_norfitness_6VJJ;KRAS_RAF1-RBD_norfitness_6VJJ;KRAS_RALGDS-RBD_norfitness_1LFD;KRAS_PICK3CG-RBD_norfitness_1HE8;KRAS_SOS1_norfitness_8BE4,5,0/0,0/2,0/0,INCONCLUSIVE(conditional),REFUTED 1/3,NOT_TESTABLE,INCONCLUSIVE 0/0,INCONCLUSIVE,INCONCLUSIVE,INCONCLUSIVE,INCONCLUSIVE,-0.493497,-0.76465,-0.222345,meta: DerSimonian-Laird tau^2 + Knapp-Hartung t_4 interval
F3,SARS2-RBD_ACE2_deltaKd_6M0J,1,0/0,0/1,0/0,NOT_TESTABLE,REFUTED 0/1,NOT_TESTABLE,INCONCLUSIVE 0/0,INCONCLUSIVE,REFUTED,INCONCLUSIVE,REFUTED,-1.557044,-1.79631,-1.317778,"meta: single estimate; no between-assay heterogeneity estimable, normal interval"
F4,5A12_VEGF_fitness_4ZFF,1,0/0,0/1,1/0,NOT_TESTABLE,NOT_TESTABLE 0/0,NOT_TESTABLE,INCONCLUSIVE 0/0,INCONCLUSIVE,REFUTED,SUPPORTED,REFUTED,-0.187637,-0.730219,0.354946,"meta: single estimate; no between-assay heterogeneity estimable, normal interval"
F5,Z-domain_ZpA963_HL1_fitness_2M5A,1,0/0,0/1,1/0,NOT_TESTABLE,NOT_TESTABLE 0/0,NOT_TESTABLE,INCONCLUSIVE 0/0,INCONCLUSIVE,REFUTED,SUPPORTED,REFUTED,-0.052799,-0.384404,0.278806,"meta: single estimate; no between-assay heterogeneity estimable, normal interval"
F6,hYAP65_peptide_FunctioncalScore_1JMQ,1,0/0,0/1,1/0,NOT_TESTABLE,NOT_TESTABLE 0/0,NOT_TESTABLE,SUPPORTED 1/0,INCONCLUSIVE,REFUTED,INCONCLUSIVE,REFUTED,-0.20114,-0.400549,-0.001731,"meta: single estimate; no between-assay heterogeneity estimable, normal interval"
F7,CD19_FMC63_Fitness_7URV,1,0/0,0/0,0/0,NOT_TESTABLE,INCONCLUSIVE 0/0,NOT_TESTABLE,SUPPORTED 1/0,INCONCLUSIVE,INCONCLUSIVE,INCONCLUSIVE,INCONCLUSIVE,-0.300807,-0.709162,0.107548,"meta: single estimate; no between-assay heterogeneity estimable, normal interval"
F8,CR9114_FluAH1_logKd_4FQI;CR6261_FluAH1_logKd_3GBN,2,0/0,0/1,2/0,NOT_TESTABLE,NOT_TESTABLE 0/0,NOT_TESTABLE,INCONCLUSIVE 0/0,INCONCLUSIVE,REFUTED,SUPPORTED,REFUTED,-0.823634,-2.231218,0.583951,"ARM: hypercube arm, its OWN denominator; never folded into the k-of-7 primary count | meta: DerSimonian-Laird tau^2 + Knapp-Hartung t_1 interval"
FOOTER:k_of_7,,7,0/0,0/5,2/0,,,,,,,,,,,,"family-level counts over F1..F7 (F8 arm excluded by construction); rule for a multi-assay family = majority (see FAMILY_RULES).  DETERMINATE families: C1 0/7, C2 5/7, C3-L 2/7 -- a ""supported in <= k"" refutation is withheld as VACUOUS unless the count is 7/7."
FOOTER:k_thresholds,,,"true>=5,ref>=3","true>=4,ref<=1","true>=3,ref<=1",,,,,,,,,,,,config THRESH k-of-7 thresholds
FOOTER:G9_rule_FPR,,,,,,,,,,,,,,PENDING,,,G9 empirical family-level FPR of the k-of-7 rule over 50 complete N1 surrogate datasets; ceiling 0.1.  Source: T02 G9 observed
FOOTER:binomial_p_of_count,,,1.0,1.0,0.9375,,,,,,,,,,,,"one-sided binomial P(X >= k) with X ~ Binom(7, 0.5).  Reference: 5-of-7 gives p = 0.2266 (config.BINOM_P_5OF7 = 0.2266).  Spec Sec.1: this is a GENERALITY statement, never the evidence -- the evidence is the per-family CIs and the cluster-df random-effects meta-analysis."
FOOTER:meta_analysis,,7,,,,,,,,,,,,-0.471659,-1.078344,0.135026,"cluster-df random-effects meta-analysis over the 7 primary families. Effect = log T_N2 at tau=3, latent scale, sigma units.  DerSimonian-Laird tau^2 + Knapp-Hartung t_6 interval.  Per-family rows carry the within-family pool."
FOOTER:C1_predeclared_refutations,,5/5,,,,,,,,,,,,,,,"Spec Sec.1.2 ""must reproduce, else the implementation is wrong"": 5/5 reproduce as REFUTED.  5A12/ess_4ZFG SI_spec=0.844 SI_obs=0.844437 -> REFUTED; CXCR4/ich_8U4O SI_spec=0.883 SI_obs=0.882996 -> REFUTED; Z-domain/ess_1LP1 SI_spec=1.398 SI_obs=1.39767 -> REFUTED; Z-domain/ess_1LP1 SI_spec=1.001 SI_obs=1.00072 -> REFUTED; Z-domain/ess_2M5A SI_spec=0.893 SI_obs=0.893176 -> REFUTED"
FOOTER:AGGREGATE,,,,,,,,,,"INCONCLUSIVE (supported in 0 of 7 (< 5), refuted in 0 (< 3); 0/7 families determinate)","INCONCLUSIVE (supported in 0 of 7, which would meet the ""<= 1"" refutation -- but only 5 of 7 families returned a determinate call, so the refutation would be VACUOUS (see _agg docstring))",INCONCLUSIVE (C3-L supported in 2 of 7 (< 3) but > 1; 2/7 determinate),INCONCLUSIVE,,,,"AGGREGATE = INCONCLUSIVE: C1=INCONCLUSIVE, C2=INCONCLUSIVE, C3=INCONCLUSIVE. PRACTICAL EMPTINESS fires on GB1_IgG-Fc_fitness_1FCC,GB1_IgG-Fc_fitness_1FCC_2016,KRAS_PICK3CG-RBD_norfitness_1HE8,KRAS_RAF1-RBD_norfitness_6VJJ,KRAS_RAF1_norfitness_6VJJ,KRAS_RALGDS-RBD_norfitness_1LFD,KRAS_SOS1_norfitness_8BE4,SARS2-RBD_ACE2_deltaKd_6M0J,Z-domain_ZpA963_HL1_fitness_2M5A: PSA_cliff(M1) >= 0.75, so C2 may be statistically true and practically empty (Sec.7 item 10) -- report it that way even if C1-C3 all passed. Generality is a count over 7 CORRELATED families, binomial p = 0.2266 at 5-of-7; the evidence is the per-family CIs."
FOOTER:HEADLINE_LIMITATION,,,,,,,,,,,,,,,,,"The effective number of independent biological systems is 3-5, not 7 and certainly not 25: five of the twelve primary assays are KRAS on four near-identical interfaces (two with byte-identical structural annotation), and 25 registered assays sit on 22 PDBs.  The two best landscapes for this hypothesis are unregistered and structurally mute.  No aggregate number may be presented in a form a reader could mistake for 25 independent replications."
FOOTER:PROVENANCE,,,,,,,,,,,,,,,,,env=3.9.25.1.22.4.1.13.1.1.5.3.1.2.1.1.81 | git=f35aab77b530 dirty=66 | tables: T15:table_missing | G7=T02 G7 rows (tail_inflatable=None) | UNDERPOWERED=none | family rule=majority | no halting gate has failed
