DMS_id,tier,family_id,registered,n_primary_Pa,underpowered_G8,underpowered_source,study_halted,counts_in_family,contributes,eligible_C1,eligible_C2,eligible_C3L,eligible_C4S,eligible_C4I,cluster_channel_adds_C2,cluster_channel_allowed,verdict_C1,verdict_C1_failing_criterion,verdict_C1_clauses,verdict_C1_SI,verdict_C1_V1_over_Vinf,verdict_C1_gamma1,verdict_C1_pos_rs,verdict_C2,verdict_C2_failing_criterion,verdict_C2_clauses,verdict_C2_raw,latent_raw_consistent,verdict_C2_raw_only_positive_discarded,verdict_C3L,verdict_C3L_failing_criterion,verdict_C3L_clauses,verdict_C3A,verdict_C3A_failing_criterion,verdict_C3A_clauses,verdict_C4S,verdict_C4S_failing_criterion,verdict_C4S_clauses,verdict_C4S_assay_permissible,verdict_C5,verdict_C5_failing_criterion,verdict_C5_clauses,verdict_C2_n_Pa,verdict_C2_TR,verdict_C2_TR_regime,verdict_C2_pi_hat,verdict_C2_rho_hat,verdict_C2_dBIC,verdict_C2_tau_run_sigma,verdict_C2_tau_run_MAD,verdict_C2_max_T,verdict_C2_note,verdict_C2_G7,verdict_C3L_routes_present,verdict_C3L_routes_feasible,verdict_C3L_L1_pass,verdict_C3L_recurrence_pass,verdict_C3L_strict_L1_mandatory,verdict_C3A_depth_spearman,verdict_C3A_density_monotone,verdict_C3A_floor_mask_invariant,verdict_C3A_latent_raw_consistent,verdict_C5_spearman_all_rows,verdict_C5_PSA_M1,verdict_C5_PSA_M2,verdict_C5_PSA_M3,verdict_C5_practical_emptiness,verdict_C5_psa_source,verdict_C4S_OR,verdict_C4S_OR_lo95,verdict_C4S_OR_hi95,verdict_C4S_p_NS1,verdict_C4S_OR_ci_covers_1,verdict_C5_practical_emptiness_note
4D5_HER2_fitness_1N8Z,EXCLUDED,,True,262,False,,False,False,False,False,False,False,False,False,False,,REFUTED,refuted_by:C1.V1>V2,C1.SI<=0.5=F(SI=0.777807) | C1.V1/Vinf<=0.35=F(V1/Vinf=0.546617) | C1.V_monotone_h1_h4=F(monotone=False) | C1.gamma1>=0.6&CIlo>0.45=?(gamma1=NA lo95=NA) | C1.SI>=0.8=F(SI=0.777807) | C1.V1/Vinf>=0.7=F(V1/Vinf=0.546617) | C1.V1>V2=T(from T05 V_h) | C1.gamma1<=0.2&CIhi<0.45=?(gamma1=NA hi95=NA) | C1.pos_rs>=0.7=?(pos_rs=NA),0.7778066159543968,0.5466170401206498,,,INCONCLUSIVE,row_missing:T06,,INCONCLUSIVE,True,False,INCONCLUSIVE,row_missing:T07,,INCONCLUSIVE,row_missing:T07,,INCONCLUSIVE,assay_not_permissible_for_C4S,,False,INCONCLUSIVE,row_missing:T12,,,,,,,,,,,,,,,,,,,,,,,,,,,,,,,,,
5A12_Ang2_fitness_4ZFG,EXCLUDED,,True,1281,False,,False,False,False,False,False,False,False,True,False,,REFUTED,refuted_by:C1.SI>=0.8+C1.V1/Vinf>=0.7,C1.SI<=0.5=F(SI=0.844437) | C1.V1/Vinf<=0.35=F(V1/Vinf=0.710283) | C1.V_monotone_h1_h4=T(monotone=True) | C1.gamma1>=0.6&CIlo>0.45=F(gamma1=0.0764488 lo95=-0.0293319) | C1.SI>=0.8=T(SI=0.844437) | C1.V1/Vinf>=0.7=T(V1/Vinf=0.710283) | C1.V1>V2=F(from T05 V_h) | C1.gamma1<=0.2&CIhi<0.45=F(gamma1=0.0764488 hi95=0.462034) | C1.pos_rs>=0.7=?(pos_rs=NA),0.8444367377980267,0.7102832324449837,0.076448846622829,,INCONCLUSIVE,row_missing:T06,,INCONCLUSIVE,True,False,INCONCLUSIVE,row_missing:T07,,INCONCLUSIVE,row_missing:T07,,INCONCLUSIVE,assay_not_permissible_for_C4S,,False,INCONCLUSIVE,row_missing:T12,,,,,,,,,,,,,,,,,,,,,,,,,,,,,,,,,
5A12_VEGF_fitness_4ZFF,PRIMARY,F4,True,22010,False,,False,True,True,True,True,True,False,True,False,,INCONCLUSIVE,support_failed:C1.gamma1>=0.6&CIlo>0.45,C1.SI<=0.5=T(SI=0.249881) | C1.V1/Vinf<=0.35=T(V1/Vinf=0.0745416) | C1.V_monotone_h1_h4=T(monotone=True) | C1.gamma1>=0.6&CIlo>0.45=F(gamma1=0.560417 lo95=0.0767061) | C1.SI>=0.8=F(SI=0.249881) | C1.V1/Vinf>=0.7=F(V1/Vinf=0.0745416) | C1.V1>V2=F(from T05 V_h) | C1.gamma1<=0.2&CIhi<0.45=F(gamma1=0.560417 hi95=0.745188) | C1.pos_rs>=0.7=?(pos_rs=NA),0.24988080925888417,0.07454160700848828,0.5604172242433709,,REFUTED,refuted_by:C2.TR<N1_p95+C2.maxT<1.5&CIhi<2,"C2.1_TR>N1_p99.5=F(TR1 TR=3.99838 N1p995=12.3724) | C2.TR<N1_p95=T(TR=3.99838 N1p95=10.5137) | C2.2_tau_run_sigma=F(run=0/4 over tau [3, 4, 5, 6, 8]) | C2.2_tau_run_MAD=?(value_missing:T_N2/q_BH at tau [5, 6, 8]) | C2.3_mixture=F(dBIC=-1714.11 pi=0.826644 [0.765106,0.940688] rho=6.57885) | C2.maxT<1.5&CIhi<2=T(maxT=0.828916 (sigma@tau3) hi95=1.30114) | C2.dBIC>-10=F(dBIC=-1714.11) | C2.pi_CIhi<0.001=F(pi_hi95=0.940688) | C2.4_C3L_conjunct(G7)=T(G7 tail_inflatable=None -> C3-L mandatory; C3-L=True)",REFUTED,True,False,SUPPORTED,,"C3L.beta>N2_p99.5=T(beta=0.585968 N2p995=0.179073 n=1669) | C3L.recurs(ICC|dR2|AUROC)=T(L2 ICC=0.211332[0.145731,0.285497]; L4 dR2=0.0664856 lo=0.0405719) | C3L.beta_in_N2_band&ICChi<0.15&dR2hi<0.02=F(in_band=False ICChi=0.285497 dR2hi=0.0773649)",SUPPORTED,,C3A.1_depth<=0.4|struct>=0.2=T(depth_rho=0.116667 best_struct=0.65) | C3A.2_density_both_quintiles&not_monotone=T(q1=0.0218083 q5=0.0031811 monotone=False) | C3A.3_floor_mask_invariant=T(invariant=True) | C3A.4_latent_raw_consistent=T(consistent=True),INCONCLUSIVE,assay_not_permissible_for_C4S,,False,INCONCLUSIVE,support_failed:C5.PSA_cliff<=0.6 for M1-M3,C5.PSA_cliff<=0.6 for M1-M3=F(M1=0.608979 M2=0.511785 M3=0.48126) | C5.spearman>=0.3=T(spearman=0.746249),22008.0,3.9983847385484945,TR1,0.8266439355946136,6.578851450725652,-1714.1053911486815,0.0,,0.8289156626506025,,undetermined; decided both ways,"L1,L2,L2P,L3,L4,L5","L1,L2,L4",True,True,SUPPORTED,0.11666666666666665,False,True,True,0.7462490992192105,0.608979351371625,0.5117852026053438,0.4812598139537815,False,"M1:AUPSA,M2:AUPSA,M3:AUPSA",,,,,,
ACE2_SARS2-RBD_enrich_6M17,EXCLUDED,,True,0,False,,False,False,False,False,False,False,False,False,False,,INCONCLUSIVE,support_failed:C1.SI<=0.5+C1.V1/Vinf<=0.35,C1.SI<=0.5=F(SI=0.577379) | C1.V1/Vinf<=0.35=F(V1/Vinf=0.479789) | C1.V_monotone_h1_h4=T(monotone=True) | C1.gamma1>=0.6&CIlo>0.45=?(gamma1=NA lo95=NA) | C1.SI>=0.8=F(SI=0.577379) | C1.V1/Vinf>=0.7=F(V1/Vinf=0.479789) | C1.V1>V2=F(from T05 V_h) | C1.gamma1<=0.2&CIhi<0.45=?(gamma1=NA hi95=NA) | C1.pos_rs>=0.7=?(pos_rs=NA),0.5773791638927106,0.47978901710627575,,,INCONCLUSIVE,row_missing:T06,,INCONCLUSIVE,True,False,INCONCLUSIVE,row_missing:T07,,INCONCLUSIVE,row_missing:T07,,INCONCLUSIVE,assay_not_permissible_for_C4S,,False,INCONCLUSIVE,row_missing:T12,,,,,,,,,,,,,,,,,,,,,,,,,,,,,,,,,
BH3_Bcl-xL_normed_1PQ1,EXCLUDED,,True,1201,False,,False,False,False,False,False,False,False,True,False,,INCONCLUSIVE,support_failed:C1.SI<=0.5+C1.V1/Vinf<=0.35+C1.V_monotone_h1_h4,C1.SI<=0.5=F(SI=0.647592) | C1.V1/Vinf<=0.35=F(V1/Vinf=0.577616) | C1.V_monotone_h1_h4=F(monotone=False) | C1.gamma1>=0.6&CIlo>0.45=T(gamma1=0.634855 lo95=0.452725) | C1.SI>=0.8=F(SI=0.647592) | C1.V1/Vinf>=0.7=F(V1/Vinf=0.577616) | C1.V1>V2=F(from T05 V_h) | C1.gamma1<=0.2&CIhi<0.45=F(gamma1=0.634855 hi95=0.78823) | C1.pos_rs>=0.7=?(pos_rs=NA),0.6475917377062786,0.5776160766914066,0.6348552975655377,,INCONCLUSIVE,row_missing:T06,,INCONCLUSIVE,True,False,INCONCLUSIVE,row_missing:T07,,INCONCLUSIVE,row_missing:T07,,INCONCLUSIVE,assay_not_permissible_for_C4S,,False,INCONCLUSIVE,row_missing:T12,,,,,,,,,,,,,,,,,,,,,,,,,,,,,,,,,
BH3_Mcl-1_normed_3KZ0,EXCLUDED,,True,1201,False,,False,False,False,False,False,False,False,True,False,,INCONCLUSIVE,support_failed:C1.SI<=0.5+C1.V1/Vinf<=0.35+C1.V_monotone_h1_h4,C1.SI<=0.5=F(SI=0.681969) | C1.V1/Vinf<=0.35=F(V1/Vinf=0.512578) | C1.V_monotone_h1_h4=F(monotone=False) | C1.gamma1>=0.6&CIlo>0.45=T(gamma1=0.632661 lo95=0.542055) | C1.SI>=0.8=F(SI=0.681969) | C1.V1/Vinf>=0.7=F(V1/Vinf=0.512578) | C1.V1>V2=F(from T05 V_h) | C1.gamma1<=0.2&CIhi<0.45=F(gamma1=0.632661 hi95=0.724678) | C1.pos_rs>=0.7=?(pos_rs=NA),0.6819692059653603,0.5125783100103701,0.6326605547431042,,INCONCLUSIVE,row_missing:T06,,INCONCLUSIVE,True,False,INCONCLUSIVE,row_missing:T07,,INCONCLUSIVE,row_missing:T07,,INCONCLUSIVE,assay_not_permissible_for_C4S,,False,INCONCLUSIVE,row_missing:T12,,,,,,,,,,,,,,,,,,,,,,,,,,,,,,,,,
CD19_FMC63_Fitness_7URV,PRIMARY,F7,True,2922,False,,False,True,True,True,True,True,True,False,False,,INCONCLUSIVE,support_failed:C1.gamma1>=0.6&CIlo>0.45,C1.SI<=0.5=T(SI=0.381017) | C1.V1/Vinf<=0.35=T(V1/Vinf=0.176869) | C1.V_monotone_h1_h4=T(monotone=True) | C1.gamma1>=0.6&CIlo>0.45=F(gamma1=0.392768 lo95=0.261278) | C1.SI>=0.8=F(SI=0.381017) | C1.V1/Vinf>=0.7=F(V1/Vinf=0.176869) | C1.V1>V2=F(from T05 V_h) | C1.gamma1<=0.2&CIhi<0.45=F(gamma1=0.392768 hi95=0.557102) | C1.pos_rs>=0.7=?(pos_rs=NA),0.38101688935333705,0.17686939308914468,0.3927682637365808,,INCONCLUSIVE,support_failed:C2.1_TR>N1_p99.5+C2.2_tau_run_sigma+C2.2_tau_run_MAD,"C2.1_TR>N1_p99.5=F(TR2 TR=10.1619 N1p995=11.2518) | C2.TR<N1_p95=F(TR=10.1619 N1p95=7.8499) | C2.2_tau_run_sigma=F(run=0/4 over tau [3, 4, 5, 6, 8]) | C2.2_tau_run_MAD=F(run=0/4 over tau [3, 4, 5, 6, 8]) | C2.3_mixture=T(dBIC=-5863.72 pi=0.0499504 [0.0313732,0.118826] rho=15.9415) | C2.maxT<1.5&CIhi<2=F(maxT=2.09567 (MAD@tau4) hi95=6.87943) | C2.dBIC>-10=F(dBIC=-5863.72) | C2.pi_CIhi<0.001=F(pi_hi95=0.118826) | C2.4_C3L_conjunct(G7)=?(G7 tail_inflatable=None -> C3-L mandatory; C3-L=NA)",REFUTED,False,False,INCONCLUSIVE,support_failed:C3L.recurs(ICC|dR2|AUROC),"C3L.L1(unavailable)=?(L1 INFEASIBLE (< 1000 edges with |S| >= 3) -- the beta conjunct cannot be evaluated) | C3L.recurs(ICC|dR2|AUROC)=F(L2 ICC=0.02498[-0.100544,0.374374]) | C3L.beta_in_N2_band&ICChi<0.15&dR2hi<0.02=F(in_band=NA ICChi=0.374374 dR2hi=NA)",SUPPORTED,,C3A.1_depth<=0.4|struct>=0.2=T(depth_rho=-0.229245 best_struct=0.171284) | C3A.2_density_both_quintiles&not_monotone=T(q1=0.166378 q5=0.0572917 monotone=False) | C3A.3_floor_mask_invariant=T(invariant=True) | C3A.4_latent_raw_consistent=T(consistent=True),INCONCLUSIVE,unevaluable:C4S.OR>=1.5&p_NS1<0.01+C4S.OR<1+C4S.kill_switch_beta_iface_loses_sig_with_rsa,"C4S.OR>=1.5&p_NS1<0.01=?(OR=NA [NA,NA] p_NS1=NA) | C4S.OR<1=?(OR=NA) | C4S.kill_switch_beta_iface_loses_sig_with_rsa=?(beta_after_rsa=NA p_wald (ambiguous; see docstring)=NA (alpha = C4S_p_NS1_sup = 0.01))",,SUPPORTED,,C5.PSA_cliff<=0.6 for M1-M3=T(M1=0.498144 M2=0.540698 M3=0.442625) | C5.spearman>=0.3=T(spearman=0.908186),2883.0,10.161914109599424,TR2,0.04995039365635574,15.94145546084648,-5863.72029907246,0.0,0.0,2.0956719817767655,,undetermined; decided both ways,"L1,L2,L2P,L3,L4,L5",L2,,False,INCONCLUSIVE,-0.22924485915286777,False,True,True,0.908185910973081,0.49814448733268346,0.5406978831948268,0.4426250847131106,False,"M1:AUPSA,M2:AUPSA,M3:AUPSA",,,,,,
CR6261_FluAH1_logKd_3GBN,ARM,F8,False,8339,False,,False,True,False,True,True,True,False,False,False,,INCONCLUSIVE,support_failed:C1.gamma1>=0.6&CIlo>0.45,C1.SI<=0.5=T(SI=0.394125) | C1.V1/Vinf<=0.35=T(V1/Vinf=0.257901) | C1.V_monotone_h1_h4=T(monotone=True) | C1.gamma1>=0.6&CIlo>0.45=F(gamma1=0.647594 lo95=0.398107) | C1.SI>=0.8=F(SI=0.394125) | C1.V1/Vinf>=0.7=F(V1/Vinf=0.257901) | C1.V1>V2=F(from T05 V_h) | C1.gamma1<=0.2&CIhi<0.45=F(gamma1=0.647594 hi95=0.857528) | C1.pos_rs>=0.7=?(pos_rs=NA),0.3941246830558486,0.25790077738703104,0.647594080926616,,INCONCLUSIVE,support_failed:C2.1_TR>N1_p99.5+C2.3_mixture,"C2.1_TR>N1_p99.5=F(TR2 TR=3.23473 N1p995=3.25048) | C2.TR<N1_p95=F(TR=3.23473 N1p95=2.99489) | C2.2_tau_run_sigma=?(value_missing:T_N2/q_BH at tau [8]) | C2.2_tau_run_MAD=?(value_missing:T_N2/q_BH at tau [6, 8]) | C2.3_mixture=F(dBIC=-1430.29 pi=0.570137 [0.404208,0.747536] rho=3.74696) | C2.maxT<1.5&CIhi<2=F(maxT=755.556 (MAD@tau5) hi95=1330.08) | C2.dBIC>-10=F(dBIC=-1430.29) | C2.pi_CIhi<0.001=F(pi_hi95=0.747536) | C2.4_C3L_conjunct(G7)=T(G7 tail_inflatable=None -> C3-L mandatory; C3-L=True)",REFUTED,False,False,SUPPORTED,,"C3L.beta>N2_p99.5=T(beta=1.29717 N2p995=0.449807 n=8329) | C3L.recurs(ICC|dR2|AUROC)=T(L2 ICC=0.169299[0.0647429,0.247482]; L4 dR2=0.0512951 lo=0.00763013) | C3L.beta_in_N2_band&ICChi<0.15&dR2hi<0.02=F(in_band=False ICChi=0.247482 dR2hi=0.19005)",SUPPORTED,,C3A.1_depth<=0.4|struct>=0.2=T(depth_rho=-0.874718 best_struct=NA) | C3A.2_density_both_quintiles&not_monotone=T(q1=0.0473621 q5=0.0419916 monotone=False) | C3A.3_floor_mask_invariant=T(invariant=True) | C3A.4_latent_raw_consistent=T(consistent=True),INCONCLUSIVE,row_missing:T09,,,INCONCLUSIVE,support_failed:C5.PSA_cliff<=0.6 for M1-M3,C5.PSA_cliff<=0.6 for M1-M3=F(M1=0.677148 M2=0.762079 M3=NA) | C5.spearman>=0.3=T(spearman=0.929661),8339.0,3.2347308411795312,TR2,0.5701373108792119,3.7469602814391325,-1430.2897879120064,,,755.5555555555555,,undetermined; decided both ways,"L1,L2,L2P,L3,L4,L5","L1,L2,L4",True,True,SUPPORTED,-0.8747175313501542,False,True,True,0.9296612800924704,0.6771482889733841,0.7620785804816222,,False,"M1:AUPSA,M2:AUPSA,M3:value_missing",,,,,,
CR9114_FluAH1_logKd_4FQI,ARM,F8,False,498561,False,,False,True,False,True,True,True,False,True,False,,INCONCLUSIVE,unevaluable:C1.pos_rs>=0.7,C1.SI<=0.5=T(SI=0.323843) | C1.V1/Vinf<=0.35=T(V1/Vinf=0.202056) | C1.V_monotone_h1_h4=T(monotone=True) | C1.gamma1>=0.6&CIlo>0.45=T(gamma1=0.621639 lo95=0.501609) | C1.SI>=0.8=F(SI=0.323843) | C1.V1/Vinf>=0.7=F(V1/Vinf=0.202056) | C1.V1>V2=F(from T05 V_h) | C1.gamma1<=0.2&CIhi<0.45=F(gamma1=0.621639 hi95=0.725871) | C1.pos_rs>=0.7=?(pos_rs=NA),0.32384297925003747,0.2020560859552949,0.6216390588789392,,REFUTED,refuted_by:C2.TR<N1_p95,"C2.1_TR>N1_p99.5=F(TR1 TR=6.4381 N1p995=7.95018) | C2.TR<N1_p95=T(TR=6.4381 N1p95=7.61742) | C2.2_tau_run_sigma=F(run=0/4 over tau [3, 4, 5, 6, 8]) | C2.2_tau_run_MAD=?(value_missing:T_N2/q_BH at tau [8]) | C2.3_mixture=F(dBIC=-226318 pi=0.577767 [0.463789,0.676543] rho=7.67862) | C2.maxT<1.5&CIhi<2=F(maxT=246100 (MAD@tau6) hi95=456945) | C2.dBIC>-10=F(dBIC=-226318) | C2.pi_CIhi<0.001=F(pi_hi95=0.676543) | C2.4_C3L_conjunct(G7)=T(G7 tail_inflatable=None -> C3-L mandatory; C3-L=True)",REFUTED,True,False,SUPPORTED,,"C3L.beta>N2_p99.5=T(beta=1.12199 N2p995=0.350539 n=498561) | C3L.recurs(ICC|dR2|AUROC)=T(L2 ICC=0.0600162[0.0115545,0.103168]; L4 dR2=0.387862 lo=0.299781) | C3L.beta_in_N2_band&ICChi<0.15&dR2hi<0.02=F(in_band=False ICChi=0.103168 dR2hi=0.420045)",SUPPORTED,,C3A.1_depth<=0.4|struct>=0.2=T(depth_rho=-0.195732 best_struct=NA) | C3A.2_density_both_quintiles&not_monotone=T(q1=0.00519491 q5=0.00949735 monotone=False) | C3A.3_floor_mask_invariant=T(invariant=True) | C3A.4_latent_raw_consistent=T(consistent=True),INCONCLUSIVE,row_missing:T09,,,INCONCLUSIVE,support_failed:C5.PSA_cliff<=0.6 for M1-M3,C5.PSA_cliff<=0.6 for M1-M3=F(M1=0.61182 M2=0.428271 M3=NA) | C5.spearman>=0.3=T(spearman=0.889349),498561.0,6.438100086930518,TR1,0.5777674074487956,7.678615894692827,-226317.67227411317,0.0,,246100.0,,undetermined; decided both ways,"L1,L2,L2P,L3,L4,L5","L1,L2,L4",True,True,SUPPORTED,-0.19573220898699903,False,True,True,0.8893485904616629,0.611819970011195,0.4282708532206745,,False,"M1:AUPSA,M2:AUPSA,M3:value_missing",,,,,,
CR9114_FluAH3_logKd_4FQY,CONTROL,,False,41688,False,,False,False,False,False,False,False,False,True,False,,INCONCLUSIVE,unevaluable:C1.gamma1>=0.6&CIlo>0.45+C1.gamma1<=0.2&CIhi<0.45+C1.pos_rs>=0.7,C1.SI<=0.5=T(SI=0.37043) | C1.V1/Vinf<=0.35=T(V1/Vinf=0.27469) | C1.V_monotone_h1_h4=T(monotone=True) | C1.gamma1>=0.6&CIlo>0.45=?(gamma1=NA lo95=NA) | C1.SI>=0.8=F(SI=0.37043) | C1.V1/Vinf>=0.7=F(V1/Vinf=0.27469) | C1.V1>V2=F(from T05 V_h) | C1.gamma1<=0.2&CIhi<0.45=?(gamma1=NA hi95=NA) | C1.pos_rs>=0.7=?(pos_rs=NA),0.37042958269375303,0.27468960860735847,,,INCONCLUSIVE,support_failed:C2.2_tau_run_sigma+C2.3_mixture,"C2.1_TR>N1_p99.5=T(TR1 TR=6.29835 N1p995=6.23068) | C2.TR<N1_p95=F(TR=6.29835 N1p95=5.66267) | C2.2_tau_run_sigma=F(run=0/4 over tau [3, 4, 5, 6, 8]) | C2.2_tau_run_MAD=?(value_missing:T_N2/q_BH at tau [8]) | C2.3_mixture=F(dBIC=-7628.33 pi=0.168441 [0.112969,0.24369] rho=2.83073) | C2.maxT<1.5&CIhi<2=F(maxT=333.333 (MAD@tau6) hi95=711.722) | C2.dBIC>-10=F(dBIC=-7628.33) | C2.pi_CIhi<0.001=F(pi_hi95=0.24369) | C2.4_C3L_conjunct(G7)=T(G7 tail_inflatable=None -> C3-L mandatory; C3-L=True)",REFUTED,False,False,SUPPORTED,,"C3L.beta>N2_p99.5=T(beta=1.18195 N2p995=0.204371 n=41641) | C3L.recurs(ICC|dR2|AUROC)=T(L2 ICC=0.128753[0.0652855,0.177317]; L4 dR2=0.557298 lo=0.500827) | C3L.beta_in_N2_band&ICChi<0.15&dR2hi<0.02=F(in_band=False ICChi=0.177317 dR2hi=0.56926)",SUPPORTED,,C3A.1_depth<=0.4|struct>=0.2=T(depth_rho=-0.126899 best_struct=NA) | C3A.2_density_both_quintiles&not_monotone=T(q1=0.00491725 q5=0.00911599 monotone=False) | C3A.3_floor_mask_invariant=T(invariant=True) | C3A.4_latent_raw_consistent=T(consistent=True),INCONCLUSIVE,row_missing:T09,,,INCONCLUSIVE,row_missing:T12,,41688.0,6.298351858542125,TR1,0.16844066867622393,2.830729228595765,-7628.333822488712,0.0,,333.3333333333333,,undetermined; decided both ways,"L1,L2,L2P,L3,L4,L5","L1,L2,L4",True,True,SUPPORTED,-0.12689906765148132,False,True,True,,,,,,,,,,,,
CXCR4_CXCL12_enrich_8U4O,EXCLUDED,,True,0,False,,False,False,False,False,False,False,False,False,False,,REFUTED,refuted_by:C1.SI>=0.8+C1.V1/Vinf>=0.7,C1.SI<=0.5=F(SI=0.882996) | C1.V1/Vinf<=0.35=F(V1/Vinf=0.816234) | C1.V_monotone_h1_h4=T(monotone=True) | C1.gamma1>=0.6&CIlo>0.45=?(gamma1=NA lo95=NA) | C1.SI>=0.8=T(SI=0.882996) | C1.V1/Vinf>=0.7=T(V1/Vinf=0.816234) | C1.V1>V2=F(from T05 V_h) | C1.gamma1<=0.2&CIhi<0.45=?(gamma1=NA hi95=NA) | C1.pos_rs>=0.7=?(pos_rs=NA),0.8829960933080426,0.8162336962783044,,,INCONCLUSIVE,row_missing:T06,,INCONCLUSIVE,True,False,INCONCLUSIVE,row_missing:T07,,INCONCLUSIVE,row_missing:T07,,INCONCLUSIVE,assay_not_permissible_for_C4S,,False,INCONCLUSIVE,row_missing:T12,,,,,,,,,,,,,,,,,,,,,,,,,,,,,,,,,
GB1_IgG-Fc_fitness_1FCC,PRIMARY,F1,True,183690,False,,False,True,True,True,True,True,True,False,False,,INCONCLUSIVE,unevaluable:C1.pos_rs>=0.7,C1.SI<=0.5=T(SI=0.267706) | C1.V1/Vinf<=0.35=T(V1/Vinf=0.141588) | C1.V_monotone_h1_h4=T(monotone=True) | C1.gamma1>=0.6&CIlo>0.45=T(gamma1=0.797587 lo95=0.762569) | C1.SI>=0.8=F(SI=0.267706) | C1.V1/Vinf>=0.7=F(V1/Vinf=0.141588) | C1.V1>V2=F(from T05 V_h) | C1.gamma1<=0.2&CIhi<0.45=F(gamma1=0.797587 hi95=0.829924) | C1.pos_rs>=0.7=?(pos_rs=NA),0.2677064935218304,0.14158765817317776,0.7975867440045589,,REFUTED,refuted_by:C2.TR<N1_p95+C2.maxT<1.5&CIhi<2,"C2.1_TR>N1_p99.5=F(TR1 TR=4.88696 N1p995=19.0147) | C2.TR<N1_p95=T(TR=4.88696 N1p95=15.7698) | C2.2_tau_run_sigma=F(run=0/4 over tau [3, 4, 5, 6, 8]) | C2.2_tau_run_MAD=F(run=0/4 over tau [3, 4, 5, 6, 8]) | C2.3_mixture=F(dBIC=-11429.5 pi=0.0525306 [0.0346243,0.0768383] rho=2.63062) | C2.maxT<1.5&CIhi<2=T(maxT=1.31774 (MAD@tau3) hi95=1.66019) | C2.dBIC>-10=F(dBIC=-11429.5) | C2.pi_CIhi<0.001=F(pi_hi95=0.0768383) | C2.4_C3L_conjunct(G7)=?(G7 tail_inflatable=None -> C3-L mandatory; C3-L=NA)",REFUTED,True,False,INCONCLUSIVE,unevaluable:C3L.L1(unavailable),"C3L.L1(unavailable)=?(L1 INFEASIBLE (< 1000 edges with |S| >= 3) -- the beta conjunct cannot be evaluated) | C3L.recurs(ICC|dR2|AUROC)=T(L2P ICC=0.492816[0.395255,0.575788]; L5 AUROC=0.655594 p_NS2=0.00049975) | C3L.beta_in_N2_band&ICChi<0.15&dR2hi<0.02=F(in_band=NA ICChi=0.575788 dR2hi=NA)",SUPPORTED,,C3A.1_depth<=0.4|struct>=0.2=T(depth_rho=-0.0626263 best_struct=0.514646) | C3A.2_density_both_quintiles&not_monotone=T(q1=0.0416735 q5=0.0265937 monotone=False) | C3A.3_floor_mask_invariant=T(invariant=True) | C3A.4_latent_raw_consistent=T(consistent=True),REFUTED,refuted_by:C4S.kill_switch_beta_iface_loses_sig_with_rsa,"C4S.OR>=1.5&p_NS1<0.01=F(OR=1.15095 [0.903935,1.52254] p_NS1=0.0948905) | C4S.OR<1=F(OR=1.15095) | C4S.kill_switch_beta_iface_loses_sig_with_rsa=T(beta_after_rsa=0.201044 p_wald_after_rsa=0.0984452 (alpha = C4S_p_NS1_sup = 0.01))",,INCONCLUSIVE,support_failed:C5.PSA_cliff<=0.6 for M1-M3,C5.PSA_cliff<=0.6 for M1-M3=F(M1=0.794578 M2=0.651111 M3=0.719911) | C5.spearman>=0.3=T(spearman=0.964494),183690.0,4.886957809556234,TR1,0.05253056834490074,2.630623368478499,-11429.501696027117,0.0,0.0,1.3177408042638457,,undetermined; decided both ways,"L1,L2,L2P,L3,L4,L5","L2P,L5",,True,INCONCLUSIVE,-0.06262626262626264,False,True,True,0.9644935352470094,0.7945780030998896,0.6511114510844825,0.7199106945860373,True,"M1:AUPSA,M2:AUPSA,M3:AUPSA",1.150945407,0.9039353365,1.522543373,0.09489051095,True,"PSA_cliff(M1) = 0.795 >= 0.75: a purely additive model gets cliff directions right, so C2 may be statistically true and practically EMPTY.  Spec Sec.1.6 / Sec.7 item 10: report it that way even if C1-C3 all passed."
GB1_IgG-Fc_fitness_1FCC_2016,PRIMARY,F1,True,52149,False,,False,True,True,True,True,True,False,False,False,,INCONCLUSIVE,unevaluable:C1.pos_rs>=0.7,C1.SI<=0.5=T(SI=0.440864) | C1.V1/Vinf<=0.35=T(V1/Vinf=0.272236) | C1.V_monotone_h1_h4=T(monotone=True) | C1.gamma1>=0.6&CIlo>0.45=T(gamma1=0.6978 lo95=0.597489) | C1.SI>=0.8=F(SI=0.440864) | C1.V1/Vinf>=0.7=F(V1/Vinf=0.272236) | C1.V1>V2=F(from T05 V_h) | C1.gamma1<=0.2&CIhi<0.45=F(gamma1=0.6978 hi95=0.848014) | C1.pos_rs>=0.7=?(pos_rs=NA),0.44086407091895946,0.27223642113752233,0.6978000007809094,,REFUTED,refuted_by:C2.TR<N1_p95,"C2.1_TR>N1_p99.5=F(TR1 TR=3.85328 N1p995=5.87734) | C2.TR<N1_p95=T(TR=3.85328 N1p95=5.38765) | C2.2_tau_run_sigma=?(value_missing:T_N2/q_BH at tau [8]) | C2.2_tau_run_MAD=?(value_missing:T_N2/q_BH at tau [6, 8]) | C2.3_mixture=F(dBIC=-2369.69 pi=0.541947 [0.415837,0.582641] rho=2.15965) | C2.maxT<1.5&CIhi<2=F(maxT=16.2162 (MAD@tau5) hi95=31.7757) | C2.dBIC>-10=F(dBIC=-2369.69) | C2.pi_CIhi<0.001=F(pi_hi95=0.582641) | C2.4_C3L_conjunct(G7)=T(G7 tail_inflatable=None -> C3-L mandatory; C3-L=True)",REFUTED,True,False,SUPPORTED,,"C3L.beta>N2_p99.5=T(beta=0.89099 N2p995=0.145687 n=10736) | C3L.recurs(ICC|dR2|AUROC)=T(L2 ICC=0.274416[0.132848,0.300535]; L4 dR2=0.135248 lo=0.0505928) | C3L.beta_in_N2_band&ICChi<0.15&dR2hi<0.02=F(in_band=False ICChi=0.300535 dR2hi=0.137738)",SUPPORTED,,C3A.1_depth<=0.4|struct>=0.2=T(depth_rho=1 best_struct=0.8) | C3A.2_density_both_quintiles&not_monotone=T(q1=0.00115053 q5=0.0035478 monotone=False) | C3A.3_floor_mask_invariant=T(invariant=True) | C3A.4_latent_raw_consistent=T(consistent=True),INCONCLUSIVE,assay_not_permissible_for_C4S,,False,INCONCLUSIVE,support_failed:C5.PSA_cliff<=0.6 for M1-M3,C5.PSA_cliff<=0.6 for M1-M3=F(M1=0.842991 M2=0.804852 M3=0.804852) | C5.spearman>=0.3=T(spearman=0.873251),52149.0,3.8532751500047078,TR1,0.541946969250907,2.159650792765298,-2369.686378473678,,,16.216216216216218,,undetermined; decided both ways,"L1,L2,L2P,L3,L4,L5","L1,L2,L4",True,True,SUPPORTED,1.0,False,True,True,0.8732509046622577,0.8429912323951634,0.8048519299553245,0.8048519299553245,True,"M1:AUPSA,M2:AUPSA,M3:AUPSA",,,,,,"PSA_cliff(M1) = 0.843 >= 0.75: a purely additive model gets cliff directions right, so C2 may be statistically true and practically EMPTY.  Spec Sec.1.6 / Sec.7 item 10: report it that way even if C1-C3 all passed."
HLA-A2_TAPBPR_meanscore_5WER,EXCLUDED,,True,0,False,,False,False,False,False,False,False,False,False,False,,INCONCLUSIVE,support_failed:C1.SI<=0.5+C1.V1/Vinf<=0.35,C1.SI<=0.5=F(SI=0.694951) | C1.V1/Vinf<=0.35=F(V1/Vinf=0.490155) | C1.V_monotone_h1_h4=T(monotone=True) | C1.gamma1>=0.6&CIlo>0.45=?(gamma1=NA lo95=NA) | C1.SI>=0.8=F(SI=0.694951) | C1.V1/Vinf>=0.7=F(V1/Vinf=0.490155) | C1.V1>V2=F(from T05 V_h) | C1.gamma1<=0.2&CIhi<0.45=?(gamma1=NA hi95=NA) | C1.pos_rs>=0.7=?(pos_rs=NA),0.6949509413851586,0.4901552965477084,,,INCONCLUSIVE,row_missing:T06,,INCONCLUSIVE,True,False,INCONCLUSIVE,row_missing:T07,,INCONCLUSIVE,row_missing:T07,,INCONCLUSIVE,assay_not_permissible_for_C4S,,False,INCONCLUSIVE,row_missing:T12,,,,,,,,,,,,,,,,,,,,,,,,,,,,,,,,,
KRAS_DARPinK27_norfitness_5O2S,EXCLUDED,,True,33597,False,,False,False,False,False,False,False,False,True,False,,INCONCLUSIVE,support_failed:C1.SI<=0.5+C1.V1/Vinf<=0.35+C1.V_monotone_h1_h4,C1.SI<=0.5=F(SI=0.514088) | C1.V1/Vinf<=0.35=F(V1/Vinf=0.352765) | C1.V_monotone_h1_h4=F(monotone=False) | C1.gamma1>=0.6&CIlo>0.45=T(gamma1=0.732041 lo95=0.708762) | C1.SI>=0.8=F(SI=0.514088) | C1.V1/Vinf>=0.7=F(V1/Vinf=0.352765) | C1.V1>V2=F(from T05 V_h) | C1.gamma1<=0.2&CIhi<0.45=F(gamma1=0.732041 hi95=0.753527) | C1.pos_rs>=0.7=?(pos_rs=NA),0.5140884097882673,0.3527650106691872,0.7320413297315542,,INCONCLUSIVE,row_missing:T06,,INCONCLUSIVE,True,False,INCONCLUSIVE,row_missing:T07,,INCONCLUSIVE,row_missing:T07,,INCONCLUSIVE,assay_not_permissible_for_C4S,,False,INCONCLUSIVE,row_missing:T12,,,,,,,,,,,,,,,,,,,,,,,,,,,,,,,,,
KRAS_PICK3CG-RBD_norfitness_1HE8,PRIMARY,F2,True,32756,False,,False,True,True,True,True,True,True,True,False,,INCONCLUSIVE,unevaluable:C1.pos_rs>=0.7,C1.SI<=0.5=T(SI=0.428897) | C1.V1/Vinf<=0.35=T(V1/Vinf=0.262954) | C1.V_monotone_h1_h4=T(monotone=True) | C1.gamma1>=0.6&CIlo>0.45=T(gamma1=0.780605 lo95=0.757668) | C1.SI>=0.8=F(SI=0.428897) | C1.V1/Vinf>=0.7=F(V1/Vinf=0.262954) | C1.V1>V2=F(from T05 V_h) | C1.gamma1<=0.2&CIhi<0.45=F(gamma1=0.780605 hi95=0.803381) | C1.pos_rs>=0.7=?(pos_rs=NA),0.42889738262316685,0.26295441747814896,0.7806047831245873,,INCONCLUSIVE,support_failed:C2.2_tau_run_sigma+C2.2_tau_run_MAD+C2.3_mixture,"C2.1_TR>N1_p99.5=T(TR1 TR=5.69572 N1p995=5.59517) | C2.TR<N1_p95=F(TR=5.69572 N1p95=5.40302) | C2.2_tau_run_sigma=F(run=0/4 over tau [3, 4, 5, 6, 8]) | C2.2_tau_run_MAD=F(run=0/4 over tau [3, 4, 5, 6, 8]) | C2.3_mixture=F(dBIC=-3833.06 pi=0.0895007 [0.0615079,0.11747] rho=2.71413) | C2.maxT<1.5&CIhi<2=F(maxT=3.13245 (MAD@tau8) hi95=4.37307) | C2.dBIC>-10=F(dBIC=-3833.06) | C2.pi_CIhi<0.001=F(pi_hi95=0.11747) | C2.4_C3L_conjunct(G7)=?(G7 tail_inflatable=None -> C3-L mandatory; C3-L=NA)",REFUTED,False,False,INCONCLUSIVE,unevaluable:C3L.L1(unavailable)+C3L.beta_in_N2_band&ICChi<0.15&dR2hi<0.02,"C3L.L1(unavailable)=?(L1 INFEASIBLE (< 1000 edges with |S| >= 3) -- the beta conjunct cannot be evaluated) | C3L.recurs(ICC|dR2|AUROC)=T(L2P ICC=0.0981596[0.0758624,0.119133]; L5 AUROC=0.671802 p_NS2=0.00049975) | C3L.beta_in_N2_band&ICChi<0.15&dR2hi<0.02=?(in_band=NA ICChi=0.119133 dR2hi=NA)",SUPPORTED,,C3A.1_depth<=0.4|struct>=0.2=T(depth_rho=0.292922 best_struct=0.32019) | C3A.2_density_both_quintiles&not_monotone=T(q1=0.0221368 q5=0.0152214 monotone=False) | C3A.3_floor_mask_invariant=T(invariant=True) | C3A.4_latent_raw_consistent=T(consistent=True),REFUTED,refuted_by:C4S.kill_switch_beta_iface_loses_sig_with_rsa,"C4S.OR>=1.5&p_NS1<0.01=F(OR=1.26217 [0.814414,1.85996] p_NS1=0.425557) | C4S.OR<1=F(OR=1.26217) | C4S.kill_switch_beta_iface_loses_sig_with_rsa=T(beta_after_rsa=0.348512 p_wald_after_rsa=0.0997666 (alpha = C4S_p_NS1_sup = 0.01))",,INCONCLUSIVE,support_failed:C5.PSA_cliff<=0.6 for M1-M3,C5.PSA_cliff<=0.6 for M1-M3=F(M1=0.841635 M2=0.677477 M3=0.837688) | C5.spearman>=0.3=T(spearman=0.951442),32524.0,5.695715539890477,TR1,0.08950074126838362,2.7141337898892286,-3833.055554060731,0.0,0.0,3.1324542058598497,,undetermined; decided both ways,"L1,L2,L2P,L3,L4,L5","L2P,L5",,True,INCONCLUSIVE,0.29292223736726053,False,True,True,0.9514424750640776,0.84163469334077,0.6774769601264877,0.8376879037637246,True,"M1:AUPSA,M2:AUPSA,M3:AUPSA",1.262171461,0.8144143018,1.859956991,0.4255574443,True,"PSA_cliff(M1) = 0.842 >= 0.75: a purely additive model gets cliff directions right, so C2 may be statistically true and practically EMPTY.  Spec Sec.1.6 / Sec.7 item 10: report it that way even if C1-C3 all passed."
KRAS_RAF1-RBD_norfitness_6VJJ,PRIMARY,F2,True,40377,False,,False,True,True,True,True,True,True,True,False,,INCONCLUSIVE,support_failed:C1.V_monotone_h1_h4,C1.SI<=0.5=T(SI=0.408293) | C1.V1/Vinf<=0.35=T(V1/Vinf=0.255914) | C1.V_monotone_h1_h4=F(monotone=False) | C1.gamma1>=0.6&CIlo>0.45=T(gamma1=0.77334 lo95=0.741881) | C1.SI>=0.8=F(SI=0.408293) | C1.V1/Vinf>=0.7=F(V1/Vinf=0.255914) | C1.V1>V2=F(from T05 V_h) | C1.gamma1<=0.2&CIhi<0.45=F(gamma1=0.77334 hi95=0.80236) | C1.pos_rs>=0.7=?(pos_rs=NA),0.4082929007201637,0.25591411426995814,0.7733395747069249,,INCONCLUSIVE,support_failed:C2.2_tau_run_sigma+C2.2_tau_run_MAD+C2.3_mixture,"C2.1_TR>N1_p99.5=T(TR1 TR=9.32894 N1p995=8.31177) | C2.TR<N1_p95=F(TR=9.32894 N1p95=7.55432) | C2.2_tau_run_sigma=F(run=0/4 over tau [3, 4, 5, 6, 8]) | C2.2_tau_run_MAD=F(run=0/4 over tau [3, 4, 5, 6, 8]) | C2.3_mixture=F(dBIC=-11907.3 pi=0.0780912 [0.0602959,0.0976123] rho=3.78095) | C2.maxT<1.5&CIhi<2=F(maxT=1.57654 (MAD@tau8) hi95=2.02815) | C2.dBIC>-10=F(dBIC=-11907.3) | C2.pi_CIhi<0.001=F(pi_hi95=0.0976123) | C2.4_C3L_conjunct(G7)=?(G7 tail_inflatable=None -> C3-L mandatory; C3-L=NA)",REFUTED,False,False,INCONCLUSIVE,unevaluable:C3L.L1(unavailable),"C3L.L1(unavailable)=?(L1 INFEASIBLE (< 1000 edges with |S| >= 3) -- the beta conjunct cannot be evaluated) | C3L.recurs(ICC|dR2|AUROC)=T(L2P ICC=0.240892[0.153763,0.296235]; L5 AUROC=0.685917 p_NS2=0.00049975; L3 present (scored as C3-N)) | C3L.beta_in_N2_band&ICChi<0.15&dR2hi<0.02=F(in_band=NA ICChi=0.296235 dR2hi=NA)",SUPPORTED,,C3A.1_depth<=0.4|struct>=0.2=T(depth_rho=0.346318 best_struct=0.362397) | C3A.2_density_both_quintiles&not_monotone=T(q1=0.0227273 q5=0.0191281 monotone=False) | C3A.3_floor_mask_invariant=T(invariant=True) | C3A.4_latent_raw_consistent=T(consistent=True),REFUTED,refuted_by:C4S.kill_switch_beta_iface_loses_sig_with_rsa,"C4S.OR>=1.5&p_NS1<0.01=F(OR=2.0469 [0.93067,3.25329] p_NS1=0.0922908) | C4S.OR<1=F(OR=2.0469) | C4S.kill_switch_beta_iface_loses_sig_with_rsa=T(beta_after_rsa=0.612746 p_wald_after_rsa=0.0153965 (alpha = C4S_p_NS1_sup = 0.01))",,INCONCLUSIVE,support_failed:C5.PSA_cliff<=0.6 for M1-M3,C5.PSA_cliff<=0.6 for M1-M3=F(M1=0.892045 M2=0.774682 M3=0.845324) | C5.spearman>=0.3=T(spearman=0.933359),40257.0,9.32893605358973,TR1,0.07809121867668806,3.780949491572926,-11907.340959444264,0.0,0.0,1.5765442967998198,,undetermined; decided both ways,"L1,L2,L2P,L3,L4,L5","L2P,L3,L5",,True,INCONCLUSIVE,0.3463177792680377,False,True,True,0.9333594550743014,0.8920445379976956,0.7746819729387996,0.8453239994867027,True,"M1:AUPSA,M2:AUPSA,M3:AUPSA",2.046901223,0.9306698505,3.253286045,0.09229077092,True,"PSA_cliff(M1) = 0.892 >= 0.75: a purely additive model gets cliff directions right, so C2 may be statistically true and practically EMPTY.  Spec Sec.1.6 / Sec.7 item 10: report it that way even if C1-C3 all passed."
KRAS_RAF1_norfitness_6VJJ,PRIMARY,F2,True,22950,False,,False,True,True,True,True,True,False,True,False,,INCONCLUSIVE,support_failed:C1.V_monotone_h1_h4,C1.SI<=0.5=T(SI=0.446529) | C1.V1/Vinf<=0.35=T(V1/Vinf=0.275605) | C1.V_monotone_h1_h4=F(monotone=False) | C1.gamma1>=0.6&CIlo>0.45=T(gamma1=0.764982 lo95=0.735286) | C1.SI>=0.8=F(SI=0.446529) | C1.V1/Vinf>=0.7=F(V1/Vinf=0.275605) | C1.V1>V2=F(from T05 V_h) | C1.gamma1<=0.2&CIhi<0.45=F(gamma1=0.764982 hi95=0.792789) | C1.pos_rs>=0.7=?(pos_rs=NA),0.4465289242878613,0.2756048222508273,0.7649817015955571,,REFUTED,refuted_by:C2.TR<N1_p95,"C2.1_TR>N1_p99.5=F(TR1 TR=4.26941 N1p995=5.61133) | C2.TR<N1_p95=T(TR=4.26941 N1p95=5.39734) | C2.2_tau_run_sigma=F(run=0/4 over tau [3, 4, 5, 6, 8]) | C2.2_tau_run_MAD=F(run=0/4 over tau [3, 4, 5, 6, 8]) | C2.3_mixture=F(dBIC=-824.948 pi=0.109144 [0.0646554,0.160265] rho=2.02552) | C2.maxT<1.5&CIhi<2=F(maxT=3.57143 (MAD@tau8) hi95=7.86184) | C2.dBIC>-10=F(dBIC=-824.948) | C2.pi_CIhi<0.001=F(pi_hi95=0.160265) | C2.4_C3L_conjunct(G7)=?(G7 tail_inflatable=None -> C3-L mandatory; C3-L=NA)",REFUTED,True,False,INCONCLUSIVE,unevaluable:C3L.L1(unavailable),"C3L.L1(unavailable)=?(L1 INFEASIBLE (< 1000 edges with |S| >= 3) -- the beta conjunct cannot be evaluated) | C3L.recurs(ICC|dR2|AUROC)=T(L2P ICC=0.168132[0.125101,0.206433]; L5 AUROC=0.663153 p_NS2=0.00049975; L3 present (scored as C3-N)) | C3L.beta_in_N2_band&ICChi<0.15&dR2hi<0.02=F(in_band=NA ICChi=0.206433 dR2hi=NA)",SUPPORTED,,C3A.1_depth<=0.4|struct>=0.2=T(depth_rho=-0.0643816 best_struct=0.190536) | C3A.2_density_both_quintiles&not_monotone=T(q1=0.0191805 q5=0.0135165 monotone=False) | C3A.3_floor_mask_invariant=T(invariant=True) | C3A.4_latent_raw_consistent=T(consistent=True),INCONCLUSIVE,assay_not_permissible_for_C4S,,False,INCONCLUSIVE,support_failed:C5.PSA_cliff<=0.6 for M1-M3,C5.PSA_cliff<=0.6 for M1-M3=F(M1=0.831964 M2=0.588597 M3=0.743495) | C5.spearman>=0.3=T(spearman=0.927118),22938.0,4.2694093873093735,TR1,0.10914354685823473,2.025521370512998,-824.9481862128305,0.0,0.0,3.5714285714285707,,undetermined; decided both ways,"L1,L2,L2P,L3,L4,L5","L2P,L3,L5",,True,INCONCLUSIVE,-0.06438162591364566,False,True,True,0.9271183619018236,0.8319644386972486,0.5885974956054082,0.7434949438773154,True,"M1:AUPSA,M2:AUPSA,M3:AUPSA",,,,,,"PSA_cliff(M1) = 0.832 >= 0.75: a purely additive model gets cliff directions right, so C2 may be statistically true and practically EMPTY.  Spec Sec.1.6 / Sec.7 item 10: report it that way even if C1-C3 all passed."
KRAS_RALGDS-RBD_norfitness_1LFD,PRIMARY,F2,True,35186,False,,False,True,True,True,True,True,True,True,False,,INCONCLUSIVE,unevaluable:C1.pos_rs>=0.7,C1.SI<=0.5=T(SI=0.393537) | C1.V1/Vinf<=0.35=T(V1/Vinf=0.241314) | C1.V_monotone_h1_h4=T(monotone=True) | C1.gamma1>=0.6&CIlo>0.45=T(gamma1=0.777062 lo95=0.744943) | C1.SI>=0.8=F(SI=0.393537) | C1.V1/Vinf>=0.7=F(V1/Vinf=0.241314) | C1.V1>V2=F(from T05 V_h) | C1.gamma1<=0.2&CIhi<0.45=F(gamma1=0.777062 hi95=0.808744) | C1.pos_rs>=0.7=?(pos_rs=NA),0.39353671621956005,0.24131384839266687,0.7770615104971981,,INCONCLUSIVE,support_failed:C2.2_tau_run_sigma+C2.2_tau_run_MAD+C2.3_mixture,"C2.1_TR>N1_p99.5=T(TR1 TR=8.05226 N1p995=7.10876) | C2.TR<N1_p95=F(TR=8.05226 N1p95=6.40832) | C2.2_tau_run_sigma=F(run=0/4 over tau [3, 4, 5, 6, 8]) | C2.2_tau_run_MAD=F(run=1/4 over tau [3, 4, 5, 6, 8]) | C2.3_mixture=F(dBIC=-9938.09 pi=0.115895 [0.0919166,0.141289] rho=3.46621) | C2.maxT<1.5&CIhi<2=F(maxT=3.44633 (MAD@tau8) hi95=4.50078) | C2.dBIC>-10=F(dBIC=-9938.09) | C2.pi_CIhi<0.001=F(pi_hi95=0.141289) | C2.4_C3L_conjunct(G7)=?(G7 tail_inflatable=None -> C3-L mandatory; C3-L=NA)",REFUTED,False,False,INCONCLUSIVE,unevaluable:C3L.L1(unavailable),"C3L.L1(unavailable)=?(L1 INFEASIBLE (< 1000 edges with |S| >= 3) -- the beta conjunct cannot be evaluated) | C3L.recurs(ICC|dR2|AUROC)=T(L2P ICC=0.312097[0.200795,0.392317]; L5 AUROC=0.708827 p_NS2=0.00049975) | C3L.beta_in_N2_band&ICChi<0.15&dR2hi<0.02=F(in_band=NA ICChi=0.392317 dR2hi=NA)",SUPPORTED,,C3A.1_depth<=0.4|struct>=0.2=T(depth_rho=0.357431 best_struct=0.374704) | C3A.2_density_both_quintiles&not_monotone=T(q1=0.0337143 q5=0.0230033 monotone=False) | C3A.3_floor_mask_invariant=T(invariant=True) | C3A.4_latent_raw_consistent=T(consistent=True),SUPPORTED,,"C4S.OR>=1.5&p_NS1<0.01=T(OR=2.27517 [1.37368,3.23085] p_NS1=0.00069993) | C4S.OR<1=F(OR=2.27517) | C4S.kill_switch_beta_iface_loses_sig_with_rsa=F(beta_after_rsa=0.77367 p_wald_after_rsa=8.05974e-06 (alpha = C4S_p_NS1_sup = 0.01))",,INCONCLUSIVE,support_failed:C5.PSA_cliff<=0.6 for M1-M3,C5.PSA_cliff<=0.6 for M1-M3=F(M1=0.851906 M2=0.755262 M3=0.865541) | C5.spearman>=0.3=T(spearman=0.949189),34998.0,8.052262468501068,TR1,0.11589497071447206,3.4662124234560086,-9938.08511490919,0.0,1.0,3.4463310377582523,,undetermined; decided both ways,"L1,L2,L2P,L3,L4,L5","L2P,L5",,True,INCONCLUSIVE,0.35743070616824446,False,True,True,0.9491890227544955,0.8519064158530681,0.7552618207164254,0.8655413276529421,True,"M1:AUPSA,M2:AUPSA,M3:AUPSA",2.275166157,1.373677427,3.230851955,0.000699930007,False,"PSA_cliff(M1) = 0.852 >= 0.75: a purely additive model gets cliff directions right, so C2 may be statistically true and practically EMPTY.  Spec Sec.1.6 / Sec.7 item 10: report it that way even if C1-C3 all passed."
KRAS_SOS1_norfitness_8BE4,PRIMARY,F2,True,33412,False,,False,True,True,True,True,True,True,True,False,,INCONCLUSIVE,support_failed:C1.SI<=0.5+C1.V1/Vinf<=0.35+C1.V_monotone_h1_h4,C1.SI<=0.5=F(SI=0.512939) | C1.V1/Vinf<=0.35=F(V1/Vinf=0.351661) | C1.V_monotone_h1_h4=F(monotone=False) | C1.gamma1>=0.6&CIlo>0.45=T(gamma1=0.732775 lo95=0.70986) | C1.SI>=0.8=F(SI=0.512939) | C1.V1/Vinf>=0.7=F(V1/Vinf=0.351661) | C1.V1>V2=F(from T05 V_h) | C1.gamma1<=0.2&CIhi<0.45=F(gamma1=0.732775 hi95=0.754854) | C1.pos_rs>=0.7=?(pos_rs=NA),0.5129392810771551,0.3516610740039789,0.7327750875990872,,REFUTED,refuted_by:C2.TR<N1_p95,"C2.1_TR>N1_p99.5=F(TR1 TR=5.43657 N1p995=6.57628) | C2.TR<N1_p95=T(TR=5.43657 N1p95=6.1772) | C2.2_tau_run_sigma=F(run=0/4 over tau [3, 4, 5, 6, 8]) | C2.2_tau_run_MAD=F(run=0/4 over tau [3, 4, 5, 6, 8]) | C2.3_mixture=F(dBIC=-2805.76 pi=0.112973 [0.0864091,0.14469] rho=2.40351) | C2.maxT<1.5&CIhi<2=F(maxT=2.76586 (MAD@tau8) hi95=4.06896) | C2.dBIC>-10=F(dBIC=-2805.76) | C2.pi_CIhi<0.001=F(pi_hi95=0.14469) | C2.4_C3L_conjunct(G7)=?(G7 tail_inflatable=None -> C3-L mandatory; C3-L=NA)",REFUTED,True,False,INCONCLUSIVE,unevaluable:C3L.L1(unavailable)+C3L.beta_in_N2_band&ICChi<0.15&dR2hi<0.02,"C3L.L1(unavailable)=?(L1 INFEASIBLE (< 1000 edges with |S| >= 3) -- the beta conjunct cannot be evaluated) | C3L.recurs(ICC|dR2|AUROC)=T(L2P ICC=0.110795[0.085312,0.139645]; L5 AUROC=0.638581 p_NS2=0.00049975) | C3L.beta_in_N2_band&ICChi<0.15&dR2hi<0.02=?(in_band=NA ICChi=0.139645 dR2hi=NA)",SUPPORTED,,C3A.1_depth<=0.4|struct>=0.2=T(depth_rho=0.41889 best_struct=0.375522) | C3A.2_density_both_quintiles&not_monotone=T(q1=0.0283175 q5=0.0207894 monotone=False) | C3A.3_floor_mask_invariant=T(invariant=True) | C3A.4_latent_raw_consistent=T(consistent=True),REFUTED,refuted_by:C4S.kill_switch_beta_iface_loses_sig_with_rsa,"C4S.OR>=1.5&p_NS1<0.01=F(OR=1.30597 [1.00028,1.72742] p_NS1=0.142186) | C4S.OR<1=F(OR=1.30597) | C4S.kill_switch_beta_iface_loses_sig_with_rsa=T(beta_after_rsa=0.258084 p_wald_after_rsa=0.056049 (alpha = C4S_p_NS1_sup = 0.01))",,INCONCLUSIVE,support_failed:C5.PSA_cliff<=0.6 for M1-M3,C5.PSA_cliff<=0.6 for M1-M3=F(M1=0.8253 M2=0.799852 M3=0.769171) | C5.spearman>=0.3=T(spearman=0.937835),33192.0,5.436573967465795,TR1,0.1129732727519511,2.403513076390669,-2805.7606580223946,0.0,0.0,2.7658559847401056,,undetermined; decided both ways,"L1,L2,L2P,L3,L4,L5","L2P,L5",,True,INCONCLUSIVE,0.41889043805906345,False,True,True,0.9378349453098422,0.8253002279311824,0.7998518015548695,0.7691709724612333,True,"M1:AUPSA,M2:AUPSA,M3:AUPSA",1.305968832,1.000277375,1.727424557,0.1421857814,False,"PSA_cliff(M1) = 0.825 >= 0.75: a purely additive model gets cliff directions right, so C2 may be statistically true and practically EMPTY.  Spec Sec.1.6 / Sec.7 item 10: report it that way even if C1-C3 all passed."
PSD95_CRIPT_1BE9,EXCLUDED,,True,0,False,,False,False,False,False,False,False,False,True,False,,INCONCLUSIVE,support_failed:C1.SI<=0.5+C1.V1/Vinf<=0.35,C1.SI<=0.5=F(SI=0.614705) | C1.V1/Vinf<=0.35=F(V1/Vinf=0.487333) | C1.V_monotone_h1_h4=T(monotone=True) | C1.gamma1>=0.6&CIlo>0.45=?(gamma1=NA lo95=NA) | C1.SI>=0.8=F(SI=0.614705) | C1.V1/Vinf>=0.7=F(V1/Vinf=0.487333) | C1.V1>V2=F(from T05 V_h) | C1.gamma1<=0.2&CIhi<0.45=?(gamma1=NA hi95=NA) | C1.pos_rs>=0.7=?(pos_rs=NA),0.6147050611273082,0.4873334189119765,,,INCONCLUSIVE,row_missing:T06,,INCONCLUSIVE,True,False,INCONCLUSIVE,row_missing:T07,,INCONCLUSIVE,row_missing:T07,,INCONCLUSIVE,assay_not_permissible_for_C4S,,False,INCONCLUSIVE,row_missing:T12,,,,,,,,,,,,,,,,,,,,,,,,,,,,,,,,,
PSD95_Tm2F_1BE9,EXCLUDED,,True,0,False,,False,False,False,False,False,False,False,True,False,,INCONCLUSIVE,support_failed:C1.SI<=0.5+C1.V1/Vinf<=0.35,C1.SI<=0.5=F(SI=0.64614) | C1.V1/Vinf<=0.35=F(V1/Vinf=0.549727) | C1.V_monotone_h1_h4=T(monotone=True) | C1.gamma1>=0.6&CIlo>0.45=?(gamma1=NA lo95=NA) | C1.SI>=0.8=F(SI=0.64614) | C1.V1/Vinf>=0.7=F(V1/Vinf=0.549727) | C1.V1>V2=F(from T05 V_h) | C1.gamma1<=0.2&CIhi<0.45=?(gamma1=NA hi95=NA) | C1.pos_rs>=0.7=?(pos_rs=NA),0.6461403708306299,0.5497269198779057,,,INCONCLUSIVE,row_missing:T06,,INCONCLUSIVE,True,False,INCONCLUSIVE,row_missing:T07,,INCONCLUSIVE,row_missing:T07,,INCONCLUSIVE,assay_not_permissible_for_C4S,,False,INCONCLUSIVE,row_missing:T12,,,,,,,,,,,,,,,,,,,,,,,,,,,,,,,,,
SARS2-RBD_ACE2_deltaKd_6M0J,PRIMARY,F3,True,14548,False,,False,True,True,True,True,True,True,False,False,,INCONCLUSIVE,unevaluable:C1.pos_rs>=0.7,C1.SI<=0.5=T(SI=0.342478) | C1.V1/Vinf<=0.35=T(V1/Vinf=0.229806) | C1.V_monotone_h1_h4=T(monotone=True) | C1.gamma1>=0.6&CIlo>0.45=T(gamma1=0.847969 lo95=0.832738) | C1.SI>=0.8=F(SI=0.342478) | C1.V1/Vinf>=0.7=F(V1/Vinf=0.229806) | C1.V1>V2=F(from T05 V_h) | C1.gamma1<=0.2&CIhi<0.45=F(gamma1=0.847969 hi95=0.862112) | C1.pos_rs>=0.7=?(pos_rs=NA),0.342477888276126,0.22980564320034416,0.847969226630149,,REFUTED,refuted_by:C2.TR<N1_p95+C2.maxT<1.5&CIhi<2,"C2.1_TR>N1_p99.5=F(TR2 TR=3.07101 N1p995=3.62249) | C2.TR<N1_p95=T(TR=3.07101 N1p95=3.41808) | C2.2_tau_run_sigma=F(run=0/4 over tau [3, 4, 5, 6, 8]) | C2.2_tau_run_MAD=F(run=0/4 over tau [3, 4, 5, 6, 8]) | C2.3_mixture=T(dBIC=-3206.03 pi=0.0313898 [0.0221268,0.0463972] rho=4.23401) | C2.maxT<1.5&CIhi<2=T(maxT=1.05562 (MAD@tau3) hi95=1.25036) | C2.dBIC>-10=F(dBIC=-3206.03) | C2.pi_CIhi<0.001=F(pi_hi95=0.0463972) | C2.4_C3L_conjunct(G7)=?(G7 tail_inflatable=None -> C3-L mandatory; C3-L=NA)",REFUTED,True,False,INCONCLUSIVE,support_failed:C3L.recurs(ICC|dR2|AUROC),C3L.L1(unavailable)=?(L1 INFEASIBLE (< 1000 edges with |S| >= 3) -- the beta conjunct cannot be evaluated) | C3L.recurs(ICC|dR2|AUROC)=F(L5 AUROC=0.574108 p_NS2=0.357821) | C3L.beta_in_N2_band&ICChi<0.15&dR2hi<0.02=?(in_band=NA ICChi=NA dR2hi=NA),SUPPORTED,,C3A.1_depth<=0.4|struct>=0.2=T(depth_rho=-0.0701044 best_struct=0.161647) | C3A.2_density_both_quintiles&not_monotone=T(q1=0.0123967 q5=0.00378918 monotone=False) | C3A.3_floor_mask_invariant=T(invariant=True) | C3A.4_latent_raw_consistent=T(consistent=True),REFUTED,refuted_by:C4S.kill_switch_beta_iface_loses_sig_with_rsa,"C4S.OR>=1.5&p_NS1<0.01=F(OR=1.92595 [1.13371,3.0485] p_NS1=0.146285) | C4S.OR<1=F(OR=1.92595) | C4S.kill_switch_beta_iface_loses_sig_with_rsa=T(beta_after_rsa=0.56242 p_wald_after_rsa=0.0132 (alpha = C4S_p_NS1_sup = 0.01))",,INCONCLUSIVE,support_failed:C5.PSA_cliff<=0.6 for M1-M3,C5.PSA_cliff<=0.6 for M1-M3=F(M1=0.923883 M2=0.788706 M3=0.945173) | C5.spearman>=0.3=T(spearman=0.926693),14516.0,3.071012474793658,TR2,0.0313898325626575,4.234010682875224,-3206.0335565598216,0.0,0.0,1.055623859605159,,undetermined; decided both ways,"L1,L2,L2P,L3,L4,L5",L5,,False,INCONCLUSIVE,-0.07010443065081634,False,True,True,0.9266931811093043,0.9238827694165185,0.7887055714246122,0.9451729425683939,True,"M1:AUPSA,M2:AUPSA,M3:AUPSA",1.925954768,1.133714489,3.048501662,0.1462853715,False,"PSA_cliff(M1) = 0.924 >= 0.75: a purely additive model gets cliff directions right, so C2 may be statistically true and practically EMPTY.  Spec Sec.1.6 / Sec.7 item 10: report it that way even if C1-C3 all passed."
Z-domain_ZSPA-1_LL1_fitness_1LP1,CONTROL,,True,67329,False,,False,False,False,False,False,False,False,False,False,,REFUTED,refuted_by:C1.SI>=0.8+C1.V1/Vinf>=0.7,C1.SI<=0.5=F(SI=1.39767) | C1.V1/Vinf<=0.35=F(V1/Vinf=2.41581) | C1.V_monotone_h1_h4=F(monotone=False) | C1.gamma1>=0.6&CIlo>0.45=?(gamma1=NA lo95=NA) | C1.SI>=0.8=T(SI=1.39767) | C1.V1/Vinf>=0.7=T(V1/Vinf=2.41581) | C1.V1>V2=F(from T05 V_h) | C1.gamma1<=0.2&CIhi<0.45=?(gamma1=NA hi95=NA) | C1.pos_rs>=0.7=?(pos_rs=NA),1.3976689159549502,2.4158086404663193,,,REFUTED,refuted_by:C2.TR<N1_p95,"C2.1_TR>N1_p99.5=F(TR1 TR=4.11351 N1p995=8.37253) | C2.TR<N1_p95=T(TR=4.11351 N1p95=7.241) | C2.2_tau_run_sigma=?(value_missing:T_N2/q_BH at tau [8]) | C2.2_tau_run_MAD=?(value_missing:T_N2/q_BH at tau [8]) | C2.3_mixture=F(dBIC=-3119.61 pi=0.410719 [0.348303,0.499981] rho=1.9923) | C2.maxT<1.5&CIhi<2=F(maxT=6.40114 (MAD@tau4) hi95=11.1221) | C2.dBIC>-10=F(dBIC=-3119.61) | C2.pi_CIhi<0.001=F(pi_hi95=0.499981) | C2.4_C3L_conjunct(G7)=T(G7 tail_inflatable=None -> C3-L mandatory; C3-L=True)",REFUTED,True,False,SUPPORTED,,"C3L.beta>N2_p99.5=T(beta=0.732185 N2p995=0.0964456 n=31812) | C3L.recurs(ICC|dR2|AUROC)=T(L2 ICC=0.0245364[0.0102223,0.0670359]; L4 dR2=0.0868981 lo=0.0630655; L5 AUROC=0.532349 p_NS2=0.005997) | C3L.beta_in_N2_band&ICChi<0.15&dR2hi<0.02=F(in_band=False ICChi=0.0670359 dR2hi=0.0891435)",SUPPORTED,,C3A.1_depth<=0.4|struct>=0.2=T(depth_rho=0.4 best_struct=0.487412) | C3A.2_density_both_quintiles&not_monotone=T(q1=0.000297044 q5=0.00349053 monotone=False) | C3A.3_floor_mask_invariant=T(invariant=True) | C3A.4_latent_raw_consistent=T(consistent=True),INCONCLUSIVE,assay_not_permissible_for_C4S,,False,INCONCLUSIVE,row_missing:T12,,67329.0,4.113511719202552,TR1,0.41071850262880333,1.9923024524192674,-3119.608882738219,,,6.401137980085348,,undetermined; decided both ways,"L1,L2,L2P,L3,L4,L5","L1,L2,L4,L5",True,True,SUPPORTED,0.39999999999999997,False,True,True,,,,,,,,,,,,
Z-domain_ZSPA-1_LL2_fitness_1LP1,CONTROL,,True,8550,False,,False,False,False,False,False,False,False,False,False,,REFUTED,refuted_by:C1.SI>=0.8+C1.V1/Vinf>=0.7,C1.SI<=0.5=F(SI=1.00072) | C1.V1/Vinf<=0.35=F(V1/Vinf=1.42463) | C1.V_monotone_h1_h4=F(monotone=False) | C1.gamma1>=0.6&CIlo>0.45=?(gamma1=NA lo95=NA) | C1.SI>=0.8=T(SI=1.00072) | C1.V1/Vinf>=0.7=T(V1/Vinf=1.42463) | C1.V1>V2=F(from T05 V_h) | C1.gamma1<=0.2&CIhi<0.45=?(gamma1=NA hi95=NA) | C1.pos_rs>=0.7=?(pos_rs=NA),1.0007225677701566,1.424632551706975,,,INCONCLUSIVE,support_failed:C2.1_TR>N1_p99.5+C2.2_tau_run_sigma+C2.2_tau_run_MAD+C2.3_mixture,"C2.1_TR>N1_p99.5=F(TR2 TR=3.12491 N1p995=3.19057) | C2.TR<N1_p95=F(TR=3.12491 N1p95=2.91368) | C2.2_tau_run_sigma=F(run=0/4 over tau [3, 4, 5, 6, 8]) | C2.2_tau_run_MAD=F(run=1/4 over tau [3, 4, 5, 6, 8]) | C2.3_mixture=F(dBIC=-736.916 pi=0.32159 [0.187825,0.448589] rho=2.26374) | C2.maxT<1.5&CIhi<2=F(maxT=13.5593 (MAD@tau8) hi95=33.857) | C2.dBIC>-10=F(dBIC=-736.916) | C2.pi_CIhi<0.001=F(pi_hi95=0.448589) | C2.4_C3L_conjunct(G7)=T(G7 tail_inflatable=None -> C3-L mandatory; C3-L=True)",REFUTED,False,False,SUPPORTED,,"C3L.beta>N2_p99.5=T(beta=0.886273 N2p995=0.211328 n=3121) | C3L.recurs(ICC|dR2|AUROC)=T(L2 ICC=0.319495[0.198032,0.45713]; L4 dR2=0.0102298 lo=-0.113207; L5 AUROC=0.389496 p_NS2=0.928036) | C3L.beta_in_N2_band&ICChi<0.15&dR2hi<0.02=F(in_band=False ICChi=0.45713 dR2hi=0.0196144)",SUPPORTED,,C3A.1_depth<=0.4|struct>=0.2=T(depth_rho=-0.119048 best_struct=0.761905) | C3A.2_density_both_quintiles&not_monotone=T(q1=0.0619883 q5=0.0415205 monotone=False) | C3A.3_floor_mask_invariant=T(invariant=True) | C3A.4_latent_raw_consistent=T(consistent=True),INCONCLUSIVE,assay_not_permissible_for_C4S,,False,INCONCLUSIVE,row_missing:T12,,8550.0,3.12490688020955,TR2,0.3215904798913678,2.2637388968717462,-736.9163724446807,0.0,1.0,13.559322033898303,,undetermined; decided both ways,"L1,L2,L2P,L3,L4,L5","L1,L2,L4,L5",True,True,SUPPORTED,-0.11904761904761905,False,True,True,,,,,,,,,,,,
Z-domain_ZpA963_HL1_fitness_2M5A,PRIMARY,F5,True,9712,False,,False,True,True,True,True,True,False,False,False,,INCONCLUSIVE,support_failed:C1.SI<=0.5+C1.gamma1>=0.6&CIlo>0.45,C1.SI<=0.5=F(SI=0.517566) | C1.V1/Vinf<=0.35=T(V1/Vinf=0.281779) | C1.V_monotone_h1_h4=T(monotone=True) | C1.gamma1>=0.6&CIlo>0.45=F(gamma1=0.594596 lo95=0.462544) | C1.SI>=0.8=F(SI=0.517566) | C1.V1/Vinf>=0.7=F(V1/Vinf=0.281779) | C1.V1>V2=F(from T05 V_h) | C1.gamma1<=0.2&CIhi<0.45=F(gamma1=0.594596 hi95=0.802475) | C1.pos_rs>=0.7=?(pos_rs=NA),0.5175662184378728,0.28177924462629644,0.5945962069088483,,REFUTED,refuted_by:C2.maxT<1.5&CIhi<2,"C2.1_TR>N1_p99.5=T(TR2 TR=2.70663 N1p995=2.66635) | C2.TR<N1_p95=F(TR=2.70663 N1p95=2.58551) | C2.2_tau_run_sigma=?(value_missing:T_N2/q_BH at tau [8]) | C2.2_tau_run_MAD=?(value_missing:T_N2/q_BH at tau [6, 8]) | C2.3_mixture=F(dBIC=-213.311 pi=0.222107 [0.160119,0.276399] rho=1.76433) | C2.maxT<1.5&CIhi<2=T(maxT=0.948571 (sigma@tau3) hi95=1.29125) | C2.dBIC>-10=F(dBIC=-213.311) | C2.pi_CIhi<0.001=F(pi_hi95=0.276399) | C2.4_C3L_conjunct(G7)=T(G7 tail_inflatable=None -> C3-L mandatory; C3-L=True)",INCONCLUSIVE,False,False,SUPPORTED,,"C3L.beta>N2_p99.5=T(beta=0.997932 N2p995=0.40867 n=8366) | C3L.recurs(ICC|dR2|AUROC)=T(L2 ICC=0.257433[0.143922,0.346323]; L4 dR2=0.0565018 lo=0.0266643) | C3L.beta_in_N2_band&ICChi<0.15&dR2hi<0.02=F(in_band=False ICChi=0.346323 dR2hi=0.0668784)",SUPPORTED,,C3A.1_depth<=0.4|struct>=0.2=T(depth_rho=-0.6 best_struct=0.579771) | C3A.2_density_both_quintiles&not_monotone=T(q1=0.00205867 q5=0.0442842 monotone=False) | C3A.3_floor_mask_invariant=T(invariant=True) | C3A.4_latent_raw_consistent=T(consistent=True),INCONCLUSIVE,assay_not_permissible_for_C4S,,False,INCONCLUSIVE,support_failed:C5.PSA_cliff<=0.6 for M1-M3,C5.PSA_cliff<=0.6 for M1-M3=F(M1=0.841295 M2=0.92825 M3=0.746411) | C5.spearman>=0.3=T(spearman=0.908249),9712.0,2.7066334489229984,TR2,0.2221070775229282,1.7643281151172778,-213.31096510806674,,,0.9485706911015036,,undetermined; decided both ways,"L1,L2,L2P,L3,L4,L5","L1,L2,L4",True,True,SUPPORTED,-0.6,False,True,True,0.9082489101998579,0.8412946402448913,0.9282500171363705,0.746410557341639,True,"M1:AUPSA,M2:AUPSA,M3:AUPSA",,,,,,"PSA_cliff(M1) = 0.841 >= 0.75: a purely additive model gets cliff directions right, so C2 may be statistically true and practically EMPTY.  Spec Sec.1.6 / Sec.7 item 10: report it that way even if C1-C3 all passed."
Z-domain_ZpA963_HL2_fitness_2M5A,EXCLUDED,,True,1204,False,,False,False,False,False,False,False,False,False,False,,REFUTED,refuted_by:C1.SI>=0.8+C1.V1/Vinf>=0.7+C1.V1>V2,C1.SI<=0.5=F(SI=0.893176) | C1.V1/Vinf<=0.35=F(V1/Vinf=1.05947) | C1.V_monotone_h1_h4=F(monotone=False) | C1.gamma1>=0.6&CIlo>0.45=F(gamma1=0.527347 lo95=0.345474) | C1.SI>=0.8=T(SI=0.893176) | C1.V1/Vinf>=0.7=T(V1/Vinf=1.05947) | C1.V1>V2=T(from T05 V_h) | C1.gamma1<=0.2&CIhi<0.45=F(gamma1=0.527347 hi95=0.89673) | C1.pos_rs>=0.7=?(pos_rs=NA),0.8931760740321604,1.0594731244394169,0.527346626230055,,INCONCLUSIVE,row_missing:T06,,INCONCLUSIVE,True,False,INCONCLUSIVE,row_missing:T07,,INCONCLUSIVE,row_missing:T07,,INCONCLUSIVE,assay_not_permissible_for_C4S,,False,INCONCLUSIVE,row_missing:T12,,,,,,,,,,,,,,,,,,,,,,,,,,,,,,,,,
hYAP65_peptide_FunctioncalScore_1JMQ,PRIMARY,F6,True,29407,False,,False,True,True,True,True,True,False,False,False,,INCONCLUSIVE,support_failed:C1.SI<=0.5+C1.V1/Vinf<=0.35,C1.SI<=0.5=F(SI=0.576126) | C1.V1/Vinf<=0.35=F(V1/Vinf=0.371249) | C1.V_monotone_h1_h4=T(monotone=True) | C1.gamma1>=0.6&CIlo>0.45=T(gamma1=0.71822 lo95=0.692534) | C1.SI>=0.8=F(SI=0.576126) | C1.V1/Vinf>=0.7=F(V1/Vinf=0.371249) | C1.V1>V2=F(from T05 V_h) | C1.gamma1<=0.2&CIhi<0.45=F(gamma1=0.71822 hi95=0.741462) | C1.pos_rs>=0.7=?(pos_rs=NA),0.5761264286052267,0.37124888245841675,0.7182203371756873,,REFUTED,refuted_by:C2.TR<N1_p95,"C2.1_TR>N1_p99.5=F(TR1 TR=4.39122 N1p995=4.91506) | C2.TR<N1_p95=T(TR=4.39122 N1p95=4.58453) | C2.2_tau_run_sigma=F(run=0/4 over tau [3, 4, 5, 6, 8]) | C2.2_tau_run_MAD=?(value_missing:T_N2/q_BH at tau [8]) | C2.3_mixture=F(dBIC=-1231.39 pi=0.138487 [0.120781,0.161597] rho=2.03874) | C2.maxT<1.5&CIhi<2=F(maxT=1.5357 (MAD@tau3) hi95=1.98567) | C2.dBIC>-10=F(dBIC=-1231.39) | C2.pi_CIhi<0.001=F(pi_hi95=0.161597) | C2.4_C3L_conjunct(G7)=T(G7 tail_inflatable=None -> C3-L mandatory; C3-L=True)",REFUTED,True,False,SUPPORTED,,"C3L.beta>N2_p99.5=T(beta=0.122056 N2p995=0.0145051 n=3060) | C3L.recurs(ICC|dR2|AUROC)=T(L2 ICC=0.127128[0.081727,0.197996]; L2P ICC=0.169065[0.123759,0.208696]; L5 AUROC=0.754602 p_NS2=0.00149925) | C3L.beta_in_N2_band&ICChi<0.15&dR2hi<0.02=F(in_band=False ICChi=0.197996 dR2hi=NA)",REFUTED,artefact_clause_failed:C3A.4_latent_raw_consistent,C3A.1_depth<=0.4|struct>=0.2=T(depth_rho=-0.911077 best_struct=0.224462) | C3A.2_density_both_quintiles&not_monotone=T(q1=0.0175409 q5=0.012434 monotone=False) | C3A.3_floor_mask_invariant=T(invariant=True) | C3A.4_latent_raw_consistent=F(consistent=False),INCONCLUSIVE,assay_not_permissible_for_C4S,,False,SUPPORTED,,C5.PSA_cliff<=0.6 for M1-M3=T(M1=0.596892 M2=0.599366 M3=0.451101) | C5.spearman>=0.3=T(spearman=0.752402),29356.0,4.391221443742421,TR1,0.138486953168958,2.038737412582493,-1231.3907679479744,0.0,,1.5357040118607685,,undetermined; decided both ways,"L1,L2,L2P,L3,L4,L5","L1,L2,L2P,L5",True,True,SUPPORTED,-0.9110771581359814,False,True,False,0.7524021410382097,0.5968919000644864,0.5993660456987584,0.4511009440323621,False,"M1:AUPSA,M2:AUPSA,M3:AUPSA",,,,,,
